stid,event_id,dem_elev_m,elev_m_reg,elev_residual_m,elev_qc,slope,aspect,relief_1km,repr_error_flag,terrain_class
ATC01,boulder_chin2021,1642.6,1659.9,-17.3,OK,5.12,195.8,86.4,89.04,exposed_ridge
BMTC2,boulder_chin2021,2451.0,2439.3,11.7,OK,20.56,320.0,432.6,159.27,exposed_ridge
C7944,boulder_chin2021,1737.7,5712.0,-3974.3,FLAG_LARGE_RESIDUAL,14.58,184.4,153.9,122.63,exposed_ridge
CO109,boulder_chin2021,1902.2,1905.0,-2.8,OK,3.61,359.7,98.7,75.3,canyon_gap
E3608,boulder_chin2021,1602.7,1617.9,-15.2,OK,0.87,83.3,23.2,15.27,exposed_ridge
E6155,boulder_chin2021,1675.8,5494.0,-3818.2,FLAG_LARGE_RESIDUAL,0.92,340.7,59.9,32.46,exposed_ridge
E9688,boulder_chin2021,1878.0,1877.4,0.6,OK,2.25,350.5,80.6,41.95,exposed_ridge
RFN,boulder_chin2021,1802.5,1802.0,0.5,OK,0.56,295.6,98.7,38.49,exposed_ridge
UP736,boulder_chin2021,2030.7,2025.4,5.3,OK,1.12,336.4,470.3,183.6,exposed_ridge
BNGC1,camp_2018,249.8,244.8,5.0,OK,14.45,18.6,125.5,57.91,open
CBXC1,camp_2018,1824.6,1830.0,-5.4,OK,5.96,47.1,223.6,168.3,exposed_ridge
CDEC1,camp_2018,1468.0,1467.9,0.1,OK,2.12,201.3,313.0,121.43,exposed_ridge
CESC1,camp_2018,1383.1,1385.9,-2.8,OK,0.96,275.6,23.8,23.24,open
CHAC1,camp_2018,1353.8,1364.9,-11.1,OK,12.62,26.4,460.1,213.98,open
CICC1,camp_2018,81.4,81.7,-0.3,OK,0.67,17.8,20.1,25.21,valley
CSTC1,camp_2018,528.0,528.2,-0.2,OK,4.43,142.6,139.0,91.47,open
HMRC1,camp_2018,2048.4,2046.4,2.0,OK,2.35,23.2,150.8,76.56,exposed_ridge
JBGC1,camp_2018,765.6,772.7,-7.1,OK,1.22,7.5,385.8,145.98,canyon_gap
PKCC1,camp_2018,1124.6,1128.1,-3.5,OK,11.88,46.6,318.7,83.71,exposed_ridge
PSWC1,camp_2018,1017.3,1019.3,-2.0,OK,4.93,85.6,339.1,130.96,open
QYRC1,camp_2018,1088.4,1113.1,-24.7,OK,17.19,315.4,160.0,60.88,open
SLEC1,camp_2018,2024.9,2033.0,-8.1,OK,11.16,1.1,433.9,157.68,exposed_ridge
DEOI4,iowa_derecho2020,305.8,304.8,1.0,OK,0.67,250.0,10.8,19.5,open
HITI4,iowa_derecho2020,388.0,384.0,4.0,OK,2.34,37.0,92.3,25.82,open
ATLC1,kincade_ign_2019,616.5,589.5,27.0,OK,9.14,32.5,285.8,141.87,exposed_ridge
COWC1,kincade_ign_2019,1019.5,1022.6,-3.1,OK,15.14,252.9,375.0,100.35,valley
HGLC1,kincade_ign_2019,1468.7,1465.2,3.5,OK,9.95,39.4,405.6,166.37,exposed_ridge
HPDC1,kincade_ign_2019,801.8,817.5,-15.7,OK,12.61,58.4,452.4,246.48,open
HWKC1,kincade_ign_2019,618.9,616.9,2.0,OK,7.83,65.1,334.9,189.51,open
KELC1,kincade_ign_2019,661.1,659.3,1.8,OK,1.16,38.7,118.5,98.23,open
KNXC1,kincade_ign_2019,662.6,670.6,-8.0,OK,4.6,36.8,149.9,88.76,canyon_gap
OAAC1,kincade_ign_2019,582.5,576.1,6.4,OK,7.96,347.7,412.9,129.65,exposed_ridge
RSAC1,kincade_ign_2019,182.4,182.6,-0.2,OK,2.64,144.4,121.9,63.44,open
WISC1,kincade_ign_2019,635.3,635.5,-0.2,OK,1.9,54.5,228.7,78.81,open
ATLC1,kincade_run_2019,616.5,589.5,27.0,OK,9.14,32.5,285.8,141.87,exposed_ridge
COWC1,kincade_run_2019,1019.5,1022.6,-3.1,OK,15.14,252.9,375.0,100.35,valley
HGLC1,kincade_run_2019,1468.7,1465.2,3.5,OK,9.95,39.4,405.6,166.37,exposed_ridge
HPDC1,kincade_run_2019,801.8,817.5,-15.7,OK,12.61,58.4,452.4,246.48,open
HWKC1,kincade_run_2019,618.9,616.9,2.0,OK,7.83,65.1,334.9,189.51,open
KELC1,kincade_run_2019,661.1,659.3,1.8,OK,1.16,38.7,118.5,98.23,open
KNXC1,kincade_run_2019,662.6,670.6,-8.0,OK,4.6,36.8,149.9,88.76,canyon_gap
OAAC1,kincade_run_2019,582.5,576.1,6.4,OK,7.96,347.7,412.9,129.65,exposed_ridge
RSAC1,kincade_run_2019,182.4,182.6,-0.2,OK,2.64,144.4,121.9,63.44,open
TR164,kincade_run_2019,1109.6,1097.3,12.3,OK,24.02,238.8,442.7,182.16,open
TS379,kincade_run_2019,1109.6,1097.3,12.3,OK,24.02,238.8,442.7,182.16,open
WISC1,kincade_run_2019,635.3,635.5,-0.2,OK,1.9,54.5,228.7,78.81,open
A3800,labor_day_or2020,410.4,408.1,2.3,OK,0.37,,14.7,12.07,open
A4218,labor_day_or2020,67.5,68.9,-1.4,OK,0.96,166.0,31.5,26.5,valley
AV613,labor_day_or2020,289.6,974.0,-684.4,FLAG_LARGE_RESIDUAL,1.58,209.7,145.2,113.88,open
C2551,labor_day_or2020,449.2,449.2,0.0,OK,1.07,172.6,27.9,40.96,open
C3932,labor_day_or2020,403.8,403.8,0.0,OK,0.34,,13.8,10.49,open
C5507,labor_day_or2020,918.6,918.7,-0.1,OK,0.29,,27.7,91.04,open
CGFO3,labor_day_or2020,1005.5,984.8,20.7,OK,0.47,,31.4,22.34,open
D6452,labor_day_or2020,406.7,406.6,0.1,OK,5.3,142.1,102.4,69.45,open
D7303,labor_day_or2020,539.0,1772.0,-1233.0,FLAG_LARGE_RESIDUAL,13.24,110.2,255.9,128.8,exposed_ridge
DTRO,labor_day_or2020,504.5,510.5,-6.0,OK,11.86,339.9,406.5,244.81,open
E1735,labor_day_or2020,394.1,394.1,0.0,OK,0.43,,24.0,47.72,open
E5447,labor_day_or2020,411.4,411.6,-0.2,OK,1.29,314.1,77.5,23.17,open
E6204,labor_day_or2020,161.2,160.4,0.8,OK,1.82,186.9,120.0,54.43,open
E6414,labor_day_or2020,304.5,305.1,-0.6,OK,9.59,32.3,173.4,102.04,open
E6892,labor_day_or2020,428.5,1414.0,-985.5,FLAG_LARGE_RESIDUAL,1.13,96.1,61.3,20.35,open
F0539,labor_day_or2020,495.9,495.9,0.0,OK,3.13,68.2,134.3,67.48,open
F1740,labor_day_or2020,198.0,651.0,-453.0,FLAG_LARGE_RESIDUAL,8.9,197.1,100.1,44.39,open
F2003,labor_day_or2020,620.1,620.0,0.1,OK,6.95,29.6,250.4,138.73,open
F4834,labor_day_or2020,553.9,552.0,1.9,OK,13.66,119.8,246.6,143.34,open
HSFO3,labor_day_or2020,1033.6,1027.8,5.8,OK,7.03,204.3,495.1,207.64,canyon_gap
KMFR,labor_day_or2020,400.3,399.9,0.4,OK,0.46,,13.7,12.88,valley
MDFO,labor_day_or2020,431.2,408.4,22.8,OK,0.34,,22.5,33.16,open
OD110,labor_day_or2020,1460.8,1464.9,-4.1,OK,3.34,181.0,128.3,83.81,exposed_ridge
OD115,labor_day_or2020,384.9,383.1,1.8,OK,0.54,170.3,18.0,8.16,open
OD119,labor_day_or2020,281.1,302.1,-21.0,OK,4.04,208.6,290.6,84.86,open
OD140,labor_day_or2020,1147.9,1168.9,-21.0,OK,2.85,103.9,225.5,122.27,open
OD159,labor_day_or2020,376.0,384.0,-8.0,OK,1.64,98.7,106.3,139.65,open
ODT26,labor_day_or2020,415.5,413.0,2.5,OK,1.97,102.6,21.0,15.62,open
ODT50,labor_day_or2020,1290.6,1314.9,-24.3,OK,7.9,265.3,516.0,169.2,exposed_ridge
ODT92,labor_day_or2020,661.4,663.9,-2.5,OK,12.45,94.6,229.4,97.19,exposed_ridge
PEFO3,labor_day_or2020,1053.6,1053.7,-0.1,OK,4.74,55.9,139.3,109.08,open
SYNO3,labor_day_or2020,229.4,229.2,0.2,OK,2.96,120.6,82.9,32.34,open
TCFO3,labor_day_or2020,689.9,691.9,-2.0,OK,12.62,330.3,414.6,167.74,canyon_gap
WPKO3,labor_day_or2020,1302.7,1302.7,0.0,OK,26.53,313.0,584.2,256.33,exposed_ridge
YEFO3,labor_day_or2020,953.4,950.7,2.7,OK,3.83,274.5,372.3,230.8,open
AENC2,marshall_2021,1600.1,1602.3,-2.2,OK,1.71,36.9,31.4,9.64,exposed_ridge
BTAC2,marshall_2021,2049.6,2052.2,-2.6,OK,12.0,315.1,359.4,137.69,exposed_ridge
CEKC2,marshall_2021,2441.4,2463.1,-21.7,OK,10.79,12.5,293.7,184.25,canyon_gap
CTPC2,marshall_2021,2149.9,2154.0,-4.1,OK,3.33,21.0,313.2,132.43,exposed_ridge
DMTC2,marshall_2021,2436.6,2430.2,6.4,OK,18.02,356.5,405.7,153.37,exposed_ridge
LOOC2,marshall_2021,2295.3,2287.2,8.1,OK,6.34,293.9,234.7,142.39,exposed_ridge
PKLC2,marshall_2021,2835.1,2859.0,-23.9,OK,10.68,355.8,233.8,145.75,canyon_gap
SOPC2,marshall_2021,2800.0,2814.8,-14.8,OK,5.76,284.0,239.2,142.46,exposed_ridge
BLMM8,missoula_dec2025,1032.8,1040.0,-7.2,OK,6.0,289.5,266.1,114.01,open
CONM8,missoula_dec2025,1124.7,1122.9,1.8,OK,1.96,47.2,37.9,23.6,open
FINM8,missoula_dec2025,1349.5,1353.6,-4.1,OK,2.14,302.3,249.2,197.8,valley
NINM8,missoula_dec2025,1009.2,1010.1,-0.9,OK,0.95,24.3,124.5,67.6,open
PNTM8,missoula_dec2025,2416.9,2407.0,9.9,OK,9.44,252.6,500.4,182.33,exposed_ridge
PSTM8,missoula_dec2025,1863.4,1841.9,21.5,OK,0.88,212.3,352.6,138.17,canyon_gap
RONM8,missoula_dec2025,931.9,935.1,-3.2,OK,1.74,321.9,14.1,11.63,open
STVM8,missoula_dec2025,993.4,976.9,16.5,OK,0.51,181.9,18.5,21.62,open
A3674,missoula_jul2024,969.4,969.0,0.4,OK,0.51,48.1,18.6,57.37,open
BLMM8,missoula_jul2024,1033.0,1040.0,-7.0,OK,5.44,252.7,266.2,113.94,open
C4884,missoula_jul2024,1036.5,1036.5,0.0,OK,0.94,80.9,220.1,108.33,open
E0591,missoula_jul2024,1030.9,1031.1,-0.2,OK,6.45,105.2,120.8,56.54,open
E8564,missoula_jul2024,1013.0,1012.9,0.1,OK,0.0,,227.0,208.77,open
FINM8,missoula_jul2024,1349.2,1353.6,-4.4,OK,2.81,296.0,249.7,197.72,valley
G0378,missoula_jul2024,1061.1,1061.2,-0.1,OK,3.19,148.8,173.4,155.69,open
G2298,missoula_jul2024,923.3,926.0,-2.7,OK,0.63,95.2,4.6,52.27,open
G2344,missoula_jul2024,959.6,960.7,-1.1,OK,3.41,199.1,31.3,13.18,open
KMSO,missoula_jul2024,973.8,975.1,-1.3,OK,0.65,168.2,18.7,43.51,open
MOMM8,missoula_jul2024,1563.0,1208.8,354.2,FLAG_LARGE_RESIDUAL,13.07,323.2,558.5,233.72,open
MSLM8,missoula_jul2024,1141.6,1151.2,-9.6,OK,2.53,344.5,206.6,106.6,open
MTGRN,missoula_jul2024,1248.3,1253.0,-4.7,OK,4.53,110.6,141.0,83.27,exposed_ridge
MTM01,missoula_jul2024,994.3,1001.9,-7.6,OK,1.6,316.5,274.6,129.65,open
MTNNM,missoula_jul2024,915.2,910.7,4.5,OK,0.0,,134.6,113.42,open
PNTM8,missoula_jul2024,2416.9,2407.0,9.9,OK,3.35,129.4,498.9,182.2,exposed_ridge
SYN72773,missoula_jul2024,975.7,976.0,-0.3,OK,0.04,,13.9,49.26,open
TT350,missoula_jul2024,1453.4,1452.4,1.0,OK,8.7,358.1,539.3,170.61,open
ANIC1,thomas_2017,57.4,84.4,-27.0,OK,7.9,198.4,77.8,9.06,valley
BVRC1,thomas_2017,387.9,384.0,3.9,OK,7.5,272.3,173.7,64.17,open
CEEC1,thomas_2017,522.5,520.3,2.2,OK,4.94,304.9,253.7,65.3,open
CNIC1,thomas_2017,1219.1,1219.2,-0.1,OK,15.94,184.6,453.5,171.2,open
CSVC1,thomas_2017,196.2,194.8,1.4,OK,0.72,51.0,306.0,103.8,open
CUUC1,thomas_2017,1607.9,1609.3,-1.4,OK,3.35,164.2,107.9,96.47,exposed_ridge
DLVC1,thomas_2017,412.8,389.5,23.3,OK,5.46,70.5,242.1,80.49,open
GMTC1,thomas_2017,1401.7,1410.0,-8.3,OK,7.43,68.9,419.4,110.06,exposed_ridge
LCBC1,thomas_2017,11.6,15.2,-3.6,OK,3.64,265.3,213.8,133.55,valley
LTJC1,thomas_2017,400.0,423.7,-23.7,OK,30.09,353.5,238.4,112.12,open
MBCC1,thomas_2017,197.3,185.9,11.4,OK,25.3,56.2,225.6,122.45,canyon_gap
MBUC1,thomas_2017,484.8,480.1,4.7,OK,4.72,68.6,463.8,217.34,open
MOIC1,thomas_2017,118.4,86.9,31.5,OK,5.79,81.7,312.3,205.71,valley
MTIC1,thomas_2017,508.7,493.5,15.2,OK,8.21,167.8,592.1,285.17,open
NHPC1,thomas_2017,654.3,650.7,3.6,OK,2.05,307.0,266.0,93.1,exposed_ridge
OZNC1,thomas_2017,1125.7,1124.7,1.0,OK,11.39,259.6,198.0,115.78,open
PPPC1,thomas_2017,842.0,841.2,0.8,OK,0.78,347.2,108.8,28.28,open
ROVC1,thomas_2017,1016.2,1015.3,0.9,OK,1.81,135.1,222.5,131.67,valley
SAUC1,thomas_2017,495.4,442.0,53.4,FLAG_LARGE_RESIDUAL,25.57,168.5,136.0,39.75,open
SBVC1,thomas_2017,262.7,229.5,33.2,OK,5.26,103.9,254.7,184.06,open
TCLC1,thomas_2017,341.5,342.6,-1.1,OK,5.31,269.3,303.5,127.33,open
TPGC1,thomas_2017,496.6,487.7,8.9,OK,17.8,329.6,176.4,60.26,open
TT321,thomas_2017,2521.0,1382.0,1139.0,FLAG_LARGE_RESIDUAL,2.36,49.0,431.1,207.11,open
WLYC1,thomas_2017,509.6,495.3,14.3,OK,5.36,78.4,474.6,162.62,exposed_ridge
WMSC1,thomas_2017,1163.1,1502.7,-339.6,FLAG_LARGE_RESIDUAL,33.97,273.1,505.9,154.12,exposed_ridge
WTPC1,thomas_2017,1254.3,1255.8,-1.5,OK,6.78,188.3,429.9,184.35,exposed_ridge
ATLC1,tubbs_2017,616.5,589.5,27.0,OK,15.48,76.7,286.8,141.82,exposed_ridge
HWKC1,tubbs_2017,618.9,616.9,2.0,OK,6.94,88.9,333.8,189.49,open
KELC1,tubbs_2017,661.4,659.3,2.1,OK,2.83,344.2,118.5,98.17,open
KNXC1,tubbs_2017,663.2,670.6,-7.4,OK,1.74,347.5,149.9,88.61,canyon_gap
NVHC1,tubbs_2017,133.9,146.9,-13.0,OK,14.59,1.0,138.8,22.43,valley
RSAC1,tubbs_2017,182.5,182.6,-0.1,OK,2.14,166.5,121.5,63.39,open
WISC1,tubbs_2017,635.3,635.5,-0.2,OK,2.14,0.3,229.0,78.81,open
ANIC1,woolsey_2018,57.4,84.4,-27.0,OK,12.85,164.4,77.8,9.06,valley
BVRC1,woolsey_2018,387.9,384.0,3.9,OK,9.6,243.6,172.6,64.21,open
CEEC1,woolsey_2018,522.2,520.3,1.9,OK,0.71,3.6,253.2,65.28,open
CNIC1,woolsey_2018,1219.1,1219.2,-0.1,OK,16.09,170.1,453.5,171.17,open
CSVC1,woolsey_2018,196.2,194.8,1.4,OK,0.72,51.0,306.0,103.78,open
DLVC1,woolsey_2018,413.9,389.5,24.4,OK,4.79,31.5,241.7,80.39,open
LCBC1,woolsey_2018,11.0,15.2,-4.2,OK,4.1,293.1,213.6,133.42,valley
MBCC1,woolsey_2018,197.3,185.9,11.4,OK,25.26,56.2,225.3,122.41,canyon_gap
MBUC1,woolsey_2018,483.8,480.1,3.7,OK,13.19,36.1,463.8,217.55,open
NHPC1,woolsey_2018,653.6,650.7,2.9,OK,2.27,9.6,266.0,93.19,exposed_ridge
ROVC1,woolsey_2018,1016.2,1015.3,0.9,OK,2.4,148.0,224.3,131.53,valley
SAUC1,woolsey_2018,496.9,442.0,54.9,FLAG_LARGE_RESIDUAL,5.29,35.1,136.3,39.73,open
TCLC1,woolsey_2018,341.5,342.6,-1.1,OK,5.15,260.9,300.4,127.22,open
TPGC1,woolsey_2018,497.8,487.7,10.1,OK,17.39,343.2,176.4,60.25,open
WMSC1,woolsey_2018,1163.1,1502.7,-339.6,FLAG_LARGE_RESIDUAL,47.63,289.5,506.8,154.21,exposed_ridge
WTPC1,woolsey_2018,1253.9,1255.8,-1.9,OK,1.41,320.3,426.5,184.35,exposed_ridge
