stid,event_id,regime,tc,relief,slope,aspect,bc_dir,adiff,flow_coupling,reason,borderline,speed_err,qc_flag
A3674,missoula_jul2024,convective_outflow,open,18.6,0.51,48.1,269.2,138.9,sheltered,open_r19s1_lee,False,1.85,KEEP
A3800,labor_day_or2020,downslope_oregon,open,14.7,0.37,,29.7,,sheltered,open_r15s0_aspect_unknown,False,-12.5,KEEP
A4218,labor_day_or2020,downslope_oregon,valley,31.5,0.96,166.0,66.6,99.4,sheltered,terrain_valley,False,6.89,KEEP
AENC2,marshall_2021,chinook_frontrange,exposed_ridge,31.4,1.71,36.9,278.3,118.6,sheltered,exposed_ridge_r31s2_lee_cold_pool,True,-3.7,KEEP
ANIC1,thomas_2017,santa_ana,valley,77.8,7.9,198.4,102.5,95.9,sheltered,terrain_valley,False,1.75,KEEP
ANIC1,woolsey_2018,santa_ana,valley,77.8,12.85,164.4,92.8,71.60000000000001,sheltered,terrain_valley,False,-14.99,KEEP
ATC01,boulder_chin2021,chinook_frontrange,exposed_ridge,86.4,5.12,195.8,332.3,136.5,sheltered,exposed_ridge_r86s5_lee_cold_pool,True,3.5,KEEP
ATLC1,kincade_ign_2019,diablo_offshore_NW,exposed_ridge,285.8,9.14,32.5,53.5,21.0,coupled,exposed_ridge_r286s9_upslope,False,-4.84,KEEP
ATLC1,kincade_run_2019,diablo_offshore_NE,exposed_ridge,285.8,9.14,32.5,13.7,18.8,coupled,exposed_ridge_r286s9_upslope,False,4.04,KEEP
ATLC1,tubbs_2017,diablo_offshore,exposed_ridge,286.8,15.48,76.7,48.6,28.1,coupled,exposed_ridge_r287s15_upslope,False,-13.43,KEEP
AV613,labor_day_or2020,downslope_oregon,open,145.2,1.58,209.7,51.7,158.0,sheltered,open_r145s2_lee_cold_pool,True,11.1,KEEP
BLMM8,missoula_dec2025,continental_downslope,open,266.1,6.0,289.5,282.1,7.399999999999977,intermediate,open_r266s6_upslope,False,7.06,CAUTION
BLMM8,missoula_jul2024,convective_outflow,open,266.2,5.44,252.7,270.6,17.900000000000034,intermediate,open_r266s5_upslope,False,9.49,KEEP
BMTC2,boulder_chin2021,chinook_frontrange,exposed_ridge,432.6,20.56,320.0,322.9,2.8999999999999773,coupled,exposed_ridge_r433s21_upslope,False,-6.53,KEEP
BNGC1,camp_2018,diablo_offshore,open,125.5,14.45,18.6,90.4,71.80000000000001,intermediate,open_r126s14_upslope,False,0.33,KEEP
BTAC2,marshall_2021,chinook_frontrange,exposed_ridge,359.4,12.0,315.1,274.8,40.30000000000001,coupled,exposed_ridge_r359s12_upslope,False,19.15,KEEP
BVRC1,thomas_2017,santa_ana,open,173.7,7.5,272.3,88.7,176.39999999999998,intermediate,open_r174s8_lee,False,-13.39,KEEP
BVRC1,woolsey_2018,santa_ana,open,172.6,9.6,243.6,92.8,150.8,intermediate,open_r173s10_lee,False,-6.87,KEEP
C2551,labor_day_or2020,downslope_oregon,open,27.9,1.07,172.6,28.9,143.7,sheltered,open_r28s1_lee,False,9.36,KEEP
C3932,labor_day_or2020,downslope_oregon,open,13.8,0.34,,29.3,,sheltered,open_r14s0_aspect_unknown,False,8.67,KEEP
C4884,missoula_jul2024,convective_outflow,open,220.1,0.94,80.9,266.6,174.29999999999998,intermediate,open_r220s1_lee,False,-2.8,KEEP
C5507,labor_day_or2020,downslope_oregon,open,27.7,0.29,,81.7,,sheltered,open_r28s0_aspect_unknown,False,2.36,KEEP
C7944,boulder_chin2021,chinook_frontrange,exposed_ridge,153.9,14.58,184.4,331.7,147.29999999999998,intermediate,exposed_ridge_r154s15_lee,True,24.14,KEEP
CBXC1,camp_2018,diablo_offshore,exposed_ridge,223.6,5.96,47.1,85.8,38.699999999999996,coupled,exposed_ridge_r224s6_upslope,False,-3.62,KEEP
CDEC1,camp_2018,diablo_offshore,exposed_ridge,313.0,2.12,201.3,85.0,116.30000000000001,intermediate,exposed_ridge_r313s2_lee,False,3.42,KEEP
CEEC1,thomas_2017,santa_ana,open,253.7,4.94,304.9,82.0,137.10000000000002,intermediate,open_r254s5_lee,False,-11.19,KEEP
CEEC1,woolsey_2018,santa_ana,open,253.2,0.71,3.6,82.3,78.7,intermediate,open_r253s1_upslope,False,-9.98,KEEP
CEKC2,marshall_2021,chinook_frontrange,canyon_gap,293.7,10.79,12.5,285.0,87.5,intermediate,canyon_gap_r294s11_upslope,True,-12.91,KEEP
CESC1,camp_2018,diablo_offshore,open,23.8,0.96,275.6,83.2,167.59999999999997,sheltered,open_r24s1_lee,False,1.13,KEEP
CGFO3,labor_day_or2020,downslope_oregon,open,31.4,0.47,,80.5,,sheltered,open_r31s0_aspect_unknown,False,4.66,KEEP
CICC1,camp_2018,diablo_offshore,valley,20.1,0.67,17.8,78.6,60.8,sheltered,terrain_valley,False,-8.62,KEEP
CNIC1,thomas_2017,santa_ana,open,453.5,15.94,184.6,67.7,116.89999999999999,intermediate,open_r454s16_lee,False,-7.63,KEEP
CNIC1,woolsey_2018,santa_ana,open,453.5,16.09,170.1,69.0,101.1,intermediate,open_r454s16_lee,False,-19.37,KEEP
CO109,boulder_chin2021,chinook_frontrange,canyon_gap,98.7,3.61,359.7,329.2,30.5,intermediate,canyon_gap_r99s4_upslope,False,-11.95,KEEP
CONM8,missoula_dec2025,continental_downslope,open,37.9,1.96,47.2,275.9,131.3,sheltered,open_r38s2_lee,False,-4.46,KEEP
COWC1,kincade_ign_2019,diablo_offshore_NW,valley,375.0,15.14,252.9,79.5,173.4,sheltered,terrain_valley,False,-8.63,KEEP
COWC1,kincade_run_2019,diablo_offshore_NE,valley,375.0,15.14,252.9,48.3,155.39999999999998,sheltered,terrain_valley,False,-10.29,KEEP
CSTC1,camp_2018,diablo_offshore,open,139.0,4.43,142.6,88.0,54.599999999999994,intermediate,open_r139s4_upslope,False,1.1,KEEP
CSVC1,thomas_2017,santa_ana,open,306.0,0.72,51.0,79.3,28.299999999999997,intermediate,open_r306s1_upslope,False,3.08,KEEP
CSVC1,woolsey_2018,santa_ana,open,306.0,0.72,51.0,80.2,29.200000000000003,intermediate,open_r306s1_upslope,False,3.39,KEEP
CTPC2,marshall_2021,chinook_frontrange,exposed_ridge,313.2,3.33,21.0,269.4,111.60000000000002,sheltered,exposed_ridge_r313s3_lee_cold_pool,True,-3.59,KEEP
CUUC1,thomas_2017,santa_ana,exposed_ridge,107.9,3.35,164.2,81.0,83.19999999999999,intermediate,exposed_ridge_r108s3_upslope,True,2.53,KEEP
D6452,labor_day_or2020,downslope_oregon,open,102.4,5.3,142.1,58.5,83.6,intermediate,open_r102s5_upslope,True,-14.47,KEEP
D7303,labor_day_or2020,downslope_oregon,exposed_ridge,255.9,13.24,110.2,30.4,79.80000000000001,coupled,exposed_ridge_r256s13_upslope,False,2.53,KEEP
DEOI4,iowa_derecho2020,convective_outflow,open,10.8,0.67,250.0,272.4,22.399999999999977,sheltered,open_r11s1_upslope,False,5.52,KEEP
DLVC1,thomas_2017,santa_ana,open,242.1,5.46,70.5,67.0,3.5,intermediate,open_r242s5_upslope,False,8.09,KEEP
DLVC1,woolsey_2018,santa_ana,open,241.7,4.79,31.5,66.5,35.0,intermediate,open_r242s5_upslope,False,-0.46,KEEP
DMTC2,marshall_2021,chinook_frontrange,exposed_ridge,405.7,18.02,356.5,286.4,70.10000000000002,coupled,exposed_ridge_r406s18_upslope,False,-0.87,KEEP
DTRO,labor_day_or2020,downslope_oregon,open,406.5,11.86,339.9,57.9,78.0,coupled,open_r406s12_upslope,False,-1.69,KEEP
E0591,missoula_jul2024,convective_outflow,open,120.8,6.45,105.2,269.2,164.0,intermediate,open_r121s6_lee,False,-17.58,KEEP
E1735,labor_day_or2020,downslope_oregon,open,24.0,0.43,,30.1,,sheltered,open_r24s0_aspect_unknown,False,3.51,KEEP
E3608,boulder_chin2021,chinook_frontrange,exposed_ridge,23.2,0.87,83.3,336.5,106.80000000000001,sheltered,exposed_ridge_r23s1_lee_cold_pool,True,-11.58,KEEP
E5447,labor_day_or2020,downslope_oregon,open,77.5,1.29,314.1,30.9,76.79999999999995,intermediate,open_r78s1_upslope,False,0.92,KEEP
E6155,boulder_chin2021,chinook_frontrange,exposed_ridge,59.9,0.92,340.7,338.7,2.0,sheltered,exposed_ridge_r60s1_upslope_cold_pool,True,16.8,KEEP
E6204,labor_day_or2020,downslope_oregon,open,120.0,1.82,186.9,62.1,124.80000000000001,sheltered,open_r120s2_lee_cold_pool,True,-1.9,CAUTION
E6414,labor_day_or2020,downslope_oregon,open,173.4,9.59,32.3,53.0,20.700000000000003,sheltered,open_r173s10_upslope_cold_pool,True,0.65,KEEP
E6892,labor_day_or2020,downslope_oregon,open,61.3,1.13,96.1,28.5,67.6,intermediate,open_r61s1_upslope,False,-0.31,KEEP
E8564,missoula_jul2024,convective_outflow,open,227.0,0.0,,243.0,,intermediate,open_r227s0_aspect_unknown,False,0.38,KEEP
E9688,boulder_chin2021,chinook_frontrange,exposed_ridge,80.6,2.25,350.5,334.6,15.899999999999977,intermediate,exposed_ridge_r81s2_upslope,False,-1.56,KEEP
F0539,labor_day_or2020,downslope_oregon,open,134.3,3.13,68.2,61.8,6.400000000000006,intermediate,open_r134s3_upslope,False,-4.15,KEEP
F1740,labor_day_or2020,downslope_oregon,open,100.1,8.9,197.1,57.9,139.2,sheltered,open_r100s9_lee_cold_pool,True,8.18,KEEP
F2003,labor_day_or2020,downslope_oregon,open,250.4,6.95,29.6,28.1,1.5,intermediate,open_r250s7_upslope,False,11.7,KEEP
F4834,labor_day_or2020,downslope_oregon,open,246.6,13.66,119.8,28.1,91.69999999999999,intermediate,open_r247s14_lee,True,1.83,KEEP
FINM8,missoula_dec2025,continental_downslope,valley,249.2,2.14,302.3,275.2,27.100000000000023,sheltered,terrain_valley,False,7.94,CAUTION
FINM8,missoula_jul2024,convective_outflow,valley,249.7,2.81,296.0,272.2,23.80000000000001,sheltered,terrain_valley,False,7.88,KEEP
G0378,missoula_jul2024,convective_outflow,open,173.4,3.19,148.8,269.2,120.39999999999998,intermediate,open_r173s3_lee,False,-2.48,KEEP
G2298,missoula_jul2024,convective_outflow,open,4.6,0.63,95.2,269.0,173.8,sheltered,open_r5s1_lee,False,-0.68,KEEP
G2344,missoula_jul2024,convective_outflow,open,31.3,3.41,199.1,274.1,75.00000000000003,intermediate,open_r31s3_upslope,False,5.14,KEEP
GMTC1,thomas_2017,santa_ana,exposed_ridge,419.4,7.43,68.9,66.7,2.200000000000003,coupled,exposed_ridge_r419s7_upslope,False,-14.09,KEEP
HGLC1,kincade_ign_2019,diablo_offshore_NW,exposed_ridge,405.6,9.95,39.4,74.3,34.9,coupled,exposed_ridge_r406s10_upslope,False,-11.23,KEEP
HGLC1,kincade_run_2019,diablo_offshore_NE,exposed_ridge,405.6,9.95,39.4,43.9,4.5,coupled,exposed_ridge_r406s10_upslope,False,-2.01,KEEP
HITI4,iowa_derecho2020,convective_outflow,open,92.3,2.34,37.0,289.5,107.5,intermediate,open_r92s2_lee,False,-16.31,KEEP
HMRC1,camp_2018,diablo_offshore,exposed_ridge,150.8,2.35,23.2,79.8,56.599999999999994,coupled,exposed_ridge_r151s2_upslope,True,10.62,KEEP
HPDC1,kincade_ign_2019,diablo_offshore_NW,open,452.4,12.61,58.4,76.8,18.4,coupled,open_r452s13_upslope,False,-7.63,KEEP
HPDC1,kincade_run_2019,diablo_offshore_NE,open,452.4,12.61,58.4,44.3,14.100000000000001,coupled,open_r452s13_upslope,False,-16.11,KEEP
HSFO3,labor_day_or2020,downslope_oregon,canyon_gap,495.1,7.03,204.3,53.6,150.70000000000002,intermediate,canyon_gap_r495s7_lee,False,19.64,KEEP
HWKC1,kincade_ign_2019,diablo_offshore_NW,open,334.9,7.83,65.1,64.6,0.5,intermediate,open_r335s8_upslope,False,4.13,KEEP
HWKC1,kincade_run_2019,diablo_offshore_NE,open,334.9,7.83,65.1,22.2,42.89999999999999,intermediate,open_r335s8_upslope,False,-5.91,KEEP
HWKC1,tubbs_2017,diablo_offshore,open,333.8,6.94,88.9,56.3,32.60000000000001,intermediate,open_r334s7_upslope,False,-11.27,KEEP
JBGC1,camp_2018,diablo_offshore,canyon_gap,385.8,1.22,7.5,73.2,65.7,coupled,canyon_gap_r386s1_upslope,False,-15.43,KEEP
KELC1,kincade_ign_2019,diablo_offshore_NW,open,118.5,1.16,38.7,68.2,29.5,intermediate,open_r118s1_upslope,False,-3.45,KEEP
KELC1,kincade_run_2019,diablo_offshore_NE,open,118.5,1.16,38.7,44.0,5.299999999999997,intermediate,open_r118s1_upslope,False,2.19,KEEP
KELC1,tubbs_2017,diablo_offshore,open,118.5,2.83,344.2,67.6,83.39999999999998,intermediate,open_r118s3_upslope,True,-0.18,KEEP
KMFR,labor_day_or2020,downslope_oregon,valley,13.7,0.46,,29.3,,sheltered,terrain_valley,False,-17.59,KEEP
KMSO,missoula_jul2024,convective_outflow,open,18.7,0.65,168.2,274.8,106.60000000000002,sheltered,open_r19s1_lee,False,-7.75,KEEP
KNXC1,kincade_ign_2019,diablo_offshore_NW,canyon_gap,149.9,4.6,36.8,58.1,21.300000000000004,intermediate,canyon_gap_r150s5_upslope,False,3.12,KEEP
KNXC1,kincade_run_2019,diablo_offshore_NE,canyon_gap,149.9,4.6,36.8,32.4,4.399999999999999,intermediate,canyon_gap_r150s5_upslope,False,-1.58,KEEP
KNXC1,tubbs_2017,diablo_offshore,canyon_gap,149.9,1.74,347.5,59.9,72.39999999999998,intermediate,canyon_gap_r150s2_upslope,False,0.71,KEEP
LCBC1,thomas_2017,santa_ana,valley,213.8,3.64,265.3,99.6,165.70000000000002,sheltered,terrain_valley,False,10.69,KEEP
LCBC1,woolsey_2018,santa_ana,valley,213.6,4.1,293.1,102.1,168.99999999999997,sheltered,terrain_valley,False,16.15,KEEP
LOOC2,marshall_2021,chinook_frontrange,exposed_ridge,234.7,6.34,293.9,281.7,12.199999999999989,coupled,exposed_ridge_r235s6_upslope,False,9.2,KEEP
LTJC1,thomas_2017,santa_ana,open,238.4,30.09,353.5,72.4,78.89999999999998,coupled,open_r238s30_upslope,False,7.82,KEEP
MBCC1,thomas_2017,santa_ana,canyon_gap,225.6,25.3,56.2,87.8,31.599999999999994,intermediate,canyon_gap_r226s25_upslope,False,2.33,KEEP
MBCC1,woolsey_2018,santa_ana,canyon_gap,225.3,25.26,56.2,88.2,32.0,intermediate,canyon_gap_r225s25_upslope,False,-1.04,KEEP
MBUC1,thomas_2017,santa_ana,open,463.8,4.72,68.6,87.6,19.0,intermediate,open_r464s5_upslope,False,-20.82,KEEP
MBUC1,woolsey_2018,santa_ana,open,463.8,13.19,36.1,87.9,51.800000000000004,coupled,open_r464s13_upslope,False,-17.04,KEEP
MDFO,labor_day_or2020,downslope_oregon,open,22.5,0.34,,30.0,,sheltered,open_r22s0_aspect_unknown,False,-10.95,KEEP
MOIC1,thomas_2017,santa_ana,valley,312.3,5.79,81.7,80.1,1.6000000000000085,sheltered,terrain_valley,False,12.24,KEEP
MOMM8,missoula_jul2024,convective_outflow,open,558.5,13.07,323.2,266.5,56.69999999999999,coupled,open_r558s13_upslope,False,-1.65,KEEP
MSLM8,missoula_jul2024,convective_outflow,open,206.6,2.53,344.5,224.5,120.0,intermediate,open_r207s3_lee,False,8.18,KEEP
MTGRN,missoula_jul2024,convective_outflow,exposed_ridge,141.0,4.53,110.6,210.2,99.6,intermediate,exposed_ridge_r141s5_lee,True,0.89,KEEP
MTIC1,thomas_2017,santa_ana,open,592.1,8.21,167.8,80.0,87.80000000000001,coupled,open_r592s8_upslope,True,-4.34,KEEP
MTM01,missoula_jul2024,convective_outflow,open,274.6,1.6,316.5,267.9,48.60000000000002,intermediate,open_r275s2_upslope,False,12.66,KEEP
MTNNM,missoula_jul2024,convective_outflow,open,134.6,0.0,,265.6,,intermediate,open_r135s0_aspect_unknown,False,-1.64,KEEP
NHPC1,thomas_2017,santa_ana,exposed_ridge,266.0,2.05,307.0,69.0,122.0,intermediate,exposed_ridge_r266s2_lee,False,-5.45,KEEP
NHPC1,woolsey_2018,santa_ana,exposed_ridge,266.0,2.27,9.6,69.6,59.99999999999999,coupled,exposed_ridge_r266s2_upslope,False,-3.26,KEEP
NINM8,missoula_dec2025,continental_downslope,open,124.5,0.95,24.3,275.6,108.69999999999999,intermediate,open_r124s1_lee,False,4.35,CAUTION
NVHC1,tubbs_2017,diablo_offshore,valley,138.8,14.59,1.0,49.3,48.3,sheltered,terrain_valley,False,-10.2,KEEP
OAAC1,kincade_ign_2019,diablo_offshore_NW,exposed_ridge,412.9,7.96,347.7,46.7,59.0,coupled,exposed_ridge_r413s8_upslope,False,1.3,KEEP
OAAC1,kincade_run_2019,diablo_offshore_NE,exposed_ridge,412.9,7.96,347.7,350.7,3.0,coupled,exposed_ridge_r413s8_upslope,False,2.2,KEEP
OD110,labor_day_or2020,downslope_oregon,exposed_ridge,128.3,3.34,181.0,63.5,117.5,intermediate,exposed_ridge_r128s3_lee,False,6.72,KEEP
OD115,labor_day_or2020,downslope_oregon,open,18.0,0.54,170.3,29.9,140.4,sheltered,open_r18s1_lee,False,0.37,KEEP
OD119,labor_day_or2020,downslope_oregon,open,290.6,4.04,208.6,56.1,152.5,sheltered,open_r291s4_lee_cold_pool,True,1.11,KEEP
OD140,labor_day_or2020,downslope_oregon,open,225.5,2.85,103.9,52.1,51.800000000000004,intermediate,open_r226s3_upslope,False,15.3,KEEP
OD159,labor_day_or2020,downslope_oregon,open,106.3,1.64,98.7,44.0,54.7,intermediate,open_r106s2_upslope,False,1.82,CAUTION
ODT26,labor_day_or2020,downslope_oregon,open,21.0,1.97,102.6,29.1,73.5,sheltered,open_r21s2_upslope,False,-4.09,KEEP
ODT50,labor_day_or2020,downslope_oregon,exposed_ridge,516.0,7.9,265.3,39.2,133.89999999999998,intermediate,exposed_ridge_r516s8_lee,False,-4.13,CAUTION
ODT92,labor_day_or2020,downslope_oregon,exposed_ridge,229.4,12.45,94.6,30.7,63.89999999999999,coupled,exposed_ridge_r229s12_upslope,False,2.55,KEEP
OZNC1,thomas_2017,santa_ana,open,198.0,11.39,259.6,75.2,175.59999999999997,intermediate,open_r198s11_lee,False,-7.25,KEEP
PEFO3,labor_day_or2020,downslope_oregon,open,139.3,4.74,55.9,38.4,17.5,intermediate,open_r139s5_upslope,False,12.25,KEEP
PKCC1,camp_2018,diablo_offshore,exposed_ridge,318.7,11.88,46.6,87.4,40.800000000000004,coupled,exposed_ridge_r319s12_upslope,False,-14.28,KEEP
PKLC2,marshall_2021,chinook_frontrange,canyon_gap,233.8,10.68,355.8,283.7,72.10000000000002,intermediate,canyon_gap_r234s11_upslope,False,-9.66,KEEP
PNTM8,missoula_dec2025,continental_downslope,exposed_ridge,500.4,9.44,252.6,275.4,22.799999999999983,coupled,exposed_ridge_r500s9_upslope,False,-5.84,KEEP
PNTM8,missoula_jul2024,convective_outflow,exposed_ridge,498.9,3.35,129.4,275.0,145.6,intermediate,exposed_ridge_r499s3_lee,False,-7.82,KEEP
PPPC1,thomas_2017,santa_ana,open,108.8,0.78,347.2,71.5,84.30000000000001,intermediate,open_r109s1_upslope,True,-5.15,KEEP
PSTM8,missoula_dec2025,continental_downslope,canyon_gap,352.6,0.88,212.3,288.7,76.39999999999998,coupled,canyon_gap_r353s1_upslope,False,9.71,KEEP
PSWC1,camp_2018,diablo_offshore,open,339.1,4.93,85.6,91.2,5.6000000000000085,intermediate,open_r339s5_upslope,False,17.06,KEEP
QYRC1,camp_2018,diablo_offshore,open,160.0,17.19,315.4,93.1,137.70000000000002,intermediate,open_r160s17_lee,False,1.52,KEEP
RFN,boulder_chin2021,chinook_frontrange,exposed_ridge,98.7,0.56,295.6,338.5,42.89999999999998,intermediate,exposed_ridge_r99s1_upslope,False,-18.87,KEEP
RONM8,missoula_dec2025,continental_downslope,open,14.1,1.74,321.9,274.1,47.799999999999955,sheltered,open_r14s2_upslope,False,-3.58,KEEP
ROVC1,thomas_2017,santa_ana,valley,222.5,1.81,135.1,67.5,67.6,sheltered,terrain_valley,False,7.57,KEEP
ROVC1,woolsey_2018,santa_ana,valley,224.3,2.4,148.0,74.9,73.1,sheltered,terrain_valley,False,2.78,KEEP
RSAC1,kincade_ign_2019,diablo_offshore_NW,open,121.9,2.64,144.4,65.9,78.5,intermediate,open_r122s3_upslope,False,-11.02,KEEP
RSAC1,kincade_run_2019,diablo_offshore_NE,open,121.9,2.64,144.4,352.9,151.50000000000003,intermediate,open_r122s3_lee,False,4.66,KEEP
RSAC1,tubbs_2017,diablo_offshore,open,121.5,2.14,166.5,41.3,125.2,intermediate,open_r122s2_lee,False,5.16,KEEP
SAUC1,thomas_2017,santa_ana,open,136.0,25.57,168.5,65.3,103.2,intermediate,open_r136s26_lee,False,-16.42,KEEP
SAUC1,woolsey_2018,santa_ana,open,136.3,5.29,35.1,65.0,29.9,intermediate,open_r136s5_upslope,False,-0.41,KEEP
SBVC1,thomas_2017,santa_ana,open,254.7,5.26,103.9,82.0,21.900000000000006,intermediate,open_r255s5_upslope,False,7.45,KEEP
SLEC1,camp_2018,diablo_offshore,exposed_ridge,433.9,11.16,1.1,81.3,80.2,coupled,exposed_ridge_r434s11_upslope,True,-18.29,KEEP
SOPC2,marshall_2021,chinook_frontrange,exposed_ridge,239.2,5.76,284.0,283.6,0.39999999999997726,coupled,exposed_ridge_r239s6_upslope,False,16.72,KEEP
STVM8,missoula_dec2025,continental_downslope,open,18.5,0.51,181.9,274.7,92.79999999999998,sheltered,open_r18s1_lee,True,13.12,KEEP
SYN72773,missoula_jul2024,convective_outflow,open,13.9,0.04,,274.0,,sheltered,open_r14s0_aspect_unknown,False,1.91,KEEP
SYNO3,labor_day_or2020,downslope_oregon,open,82.9,2.96,120.6,61.8,58.8,sheltered,open_r83s3_upslope_cold_pool,True,0.63,KEEP
TCFO3,labor_day_or2020,downslope_oregon,canyon_gap,414.6,12.62,330.3,53.7,83.39999999999998,coupled,canyon_gap_r415s13_upslope,True,1.09,KEEP
TCLC1,thomas_2017,santa_ana,open,303.5,5.31,269.3,64.7,155.39999999999998,intermediate,open_r304s5_lee,False,15.69,KEEP
TCLC1,woolsey_2018,santa_ana,open,300.4,5.15,260.9,65.7,164.8,intermediate,open_r300s5_lee,False,3.19,KEEP
TPGC1,thomas_2017,santa_ana,open,176.4,17.8,329.6,84.7,115.09999999999997,intermediate,open_r176s18_lee,False,-14.88,KEEP
TPGC1,woolsey_2018,santa_ana,open,176.4,17.39,343.2,83.4,100.20000000000005,intermediate,open_r176s17_lee,False,-11.76,KEEP
TR164,kincade_run_2019,diablo_offshore_NE,open,442.7,24.02,238.8,38.7,159.89999999999998,sheltered,portable_raws,False,21.95,CAUTION
TS379,kincade_run_2019,diablo_offshore_NE,open,442.7,24.02,238.8,38.7,159.89999999999998,sheltered,portable_raws,False,18.38,CAUTION
TT321,thomas_2017,santa_ana,open,431.1,2.36,49.0,87.1,38.099999999999994,sheltered,portable_raws,False,7.17,CAUTION
TT350,missoula_jul2024,convective_outflow,open,539.3,8.7,358.1,264.2,93.90000000000003,intermediate,open_r539s9_lee,True,5.99,KEEP
UP736,boulder_chin2021,chinook_frontrange,exposed_ridge,470.3,1.12,336.4,323.4,13.0,coupled,exposed_ridge_r470s1_upslope,False,-11.81,KEEP
WISC1,kincade_ign_2019,diablo_offshore_NW,open,228.7,1.9,54.5,67.5,13.0,intermediate,open_r229s2_upslope,False,0.39,KEEP
WISC1,kincade_run_2019,diablo_offshore_NE,open,228.7,1.9,54.5,39.4,15.100000000000001,intermediate,open_r229s2_upslope,False,-16.15,KEEP
WISC1,tubbs_2017,diablo_offshore,open,229.0,2.14,0.3,65.2,64.9,intermediate,open_r229s2_upslope,False,-7.08,KEEP
WLYC1,thomas_2017,santa_ana,exposed_ridge,474.6,5.36,78.4,74.2,4.200000000000003,coupled,exposed_ridge_r475s5_upslope,False,-18.12,KEEP
WMSC1,thomas_2017,santa_ana,exposed_ridge,505.9,33.97,273.1,64.6,151.49999999999997,intermediate,exposed_ridge_r506s34_lee,False,-35.65,KEEP
WMSC1,woolsey_2018,santa_ana,exposed_ridge,506.8,47.63,289.5,63.6,134.1,intermediate,exposed_ridge_r507s48_lee,False,-27.04,KEEP
WPKO3,labor_day_or2020,downslope_oregon,exposed_ridge,584.2,26.53,313.0,59.3,106.30000000000001,intermediate,exposed_ridge_r584s27_lee,False,-2.79,KEEP
WTPC1,thomas_2017,santa_ana,exposed_ridge,429.9,6.78,188.3,62.1,126.20000000000002,intermediate,exposed_ridge_r430s7_lee,False,-22.44,KEEP
WTPC1,woolsey_2018,santa_ana,exposed_ridge,426.5,1.41,320.3,64.0,103.69999999999999,intermediate,exposed_ridge_r426s1_lee,False,-17.5,KEEP
YEFO3,labor_day_or2020,downslope_oregon,open,372.3,3.83,274.5,50.5,136.0,intermediate,open_r372s4_lee,False,0.54,KEEP
