datetime_utc,wind_speed_mph,wind_dir_deg,wind_gust_mph,peak_wind_speed_mph,peak_wind_dir_deg,air_temp_f,relative_humidity_pct
2017-12-03T00:55:00Z,15.99,130.0,24.99,24.99,134.0,57.0,48.0
2017-12-03T01:55:00Z,17.0,133.0,21.0,21.0,126.0,55.99,51.0
2017-12-03T02:55:00Z,18.99,136.0,24.0,24.0,135.0,57.0,47.0
2017-12-03T03:55:00Z,17.0,133.0,23.0,23.0,132.0,55.99,49.0
2017-12-03T04:55:00Z,17.0,131.0,23.0,23.0,132.0,54.0,56.0
2017-12-03T05:55:00Z,18.01,135.0,24.0,24.0,134.0,54.0,54.0
2017-12-03T06:55:00Z,18.99,130.0,25.99,25.99,134.0,52.0,59.0
2017-12-03T07:55:00Z,15.99,133.0,25.99,25.99,133.0,52.0,60.0
2017-12-03T08:55:00Z,21.0,131.0,28.01,28.01,113.0,50.0,68.0
2017-12-03T09:55:00Z,15.99,128.0,28.01,28.01,129.0,48.0,86.0
2017-12-03T10:55:00Z,18.99,131.0,28.01,28.01,128.0,48.0,88.0
2017-12-03T11:55:00Z,18.01,135.0,30.0,30.0,142.0,48.99,80.0
2017-12-03T12:55:00Z,14.0,136.0,24.0,24.0,143.0,51.01,62.0
2017-12-03T13:55:00Z,14.0,132.0,24.0,24.0,141.0,52.0,52.0
2017-12-03T14:55:00Z,12.01,139.0,18.99,18.99,130.0,50.0,67.0
2017-12-03T15:55:00Z,8.01,145.0,14.99,14.99,154.0,53.01,55.0
2017-12-03T16:55:00Z,4.99,346.0,12.01,12.01,324.0,54.0,37.0
2017-12-03T17:55:00Z,11.01,324.0,14.99,14.99,327.0,52.0,44.0
2017-12-03T18:55:00Z,8.99,317.0,17.0,17.0,327.0,53.01,44.0
2017-12-03T19:55:00Z,3.0,159.0,14.0,14.0,317.0,60.01,41.0
2017-12-03T20:55:00Z,8.99,158.0,18.01,18.01,147.0,61.0,49.0
2017-12-03T21:55:00Z,12.01,151.0,18.01,18.01,144.0,60.01,50.0
2017-12-03T22:55:00Z,10.0,143.0,18.99,18.99,157.0,57.99,60.0
2017-12-03T23:55:00Z,4.99,161.0,15.99,15.99,149.0,55.0,67.0
2017-12-04T00:55:00Z,1.01,335.0,10.0,10.0,163.0,50.0,74.0
2017-12-04T01:55:00Z,4.0,272.0,11.01,11.01,299.0,48.0,65.0
2017-12-04T02:55:00Z,8.01,299.0,14.99,14.99,289.0,46.99,66.0
2017-12-04T03:55:00Z,12.01,309.0,15.99,15.99,307.0,46.99,56.0
2017-12-04T04:55:00Z,10.0,321.0,14.99,14.99,316.0,46.99,49.0
2017-12-04T05:55:00Z,12.01,327.0,14.0,14.0,330.0,46.0,48.0
2017-12-04T06:55:00Z,17.0,346.0,18.99,18.99,336.0,46.0,44.0
2017-12-04T07:55:00Z,21.0,352.0,24.99,24.99,355.0,46.99,57.0
2017-12-04T08:55:00Z,27.0,347.0,34.0,34.0,351.0,44.01,49.0
2017-12-04T09:55:00Z,23.0,335.0,32.99,32.99,350.0,42.01,54.0
2017-12-04T10:55:00Z,17.0,332.0,27.0,27.0,332.0,42.01,55.0
2017-12-04T11:55:00Z,21.0,344.0,25.99,25.99,342.0,43.0,41.0
2017-12-04T12:55:00Z,21.0,344.0,30.0,30.0,359.0,44.01,25.0
2017-12-04T13:55:00Z,18.99,344.0,32.01,32.01,345.0,43.0,23.0
2017-12-04T14:55:00Z,27.0,342.0,35.99,35.99,351.0,43.0,21.0
2017-12-04T15:55:00Z,24.99,343.0,38.01,38.01,355.0,42.01,20.0
2017-12-04T16:55:00Z,24.99,343.0,38.01,38.01,346.0,43.0,19.0
2017-12-04T17:55:00Z,24.99,343.0,35.99,35.99,359.0,44.01,19.0
2017-12-04T18:55:00Z,21.0,343.0,41.0,41.0,359.0,45.0,19.0
2017-12-04T19:55:00Z,24.0,348.0,42.01,42.01,347.0,44.01,20.0
2017-12-04T20:55:00Z,21.0,345.0,45.99,45.99,2.0,46.0,19.0
2017-12-04T21:55:00Z,20.0,349.0,38.99,38.99,3.0,46.0,18.0
2017-12-04T22:55:00Z,18.01,357.0,38.99,38.99,29.0,46.0,18.0
2017-12-04T23:55:00Z,21.0,357.0,42.01,42.01,10.0,45.0,17.0
2017-12-05T00:55:00Z,24.0,353.0,44.98,44.98,11.0,43.0,17.0
2017-12-05T01:55:00Z,20.0,356.0,49.01,49.01,3.0,42.01,17.0
2017-12-05T02:55:00Z,27.0,352.0,55.01,55.01,26.0,42.01,15.0
2017-12-05T03:55:00Z,22.01,7.0,62.01,62.01,7.0,42.01,19.0
2017-12-05T04:55:00Z,22.01,4.0,55.01,55.01,4.0,42.01,19.0
2017-12-05T05:55:00Z,23.0,5.0,62.01,62.01,340.0,42.01,18.0
2017-12-05T06:55:00Z,23.0,8.0,55.99,55.99,15.0,41.0,18.0
2017-12-05T07:55:00Z,23.0,350.0,63.01,63.01,16.0,41.0,19.0
2017-12-05T08:55:00Z,27.0,354.0,59.99,59.99,354.0,41.0,19.0
2017-12-05T09:55:00Z,30.0,350.0,59.01,59.01,12.0,39.99,21.0
2017-12-05T10:55:00Z,24.0,358.0,73.01,73.01,9.0,39.0,21.0
2017-12-05T11:55:00Z,28.01,347.0,64.0,64.0,349.0,37.99,22.0
2017-12-05T12:55:00Z,28.99,354.0,78.0,78.0,0.0,37.99,23.0
2017-12-05T13:55:00Z,24.99,2.0,65.99,65.99,8.0,37.0,23.0
2017-12-05T14:55:00Z,31.0,358.0,67.0,67.0,19.0,37.99,22.0
2017-12-05T15:55:00Z,34.0,347.0,69.01,69.01,359.0,37.99,21.0
2017-12-05T16:55:00Z,30.0,350.0,68.0,68.0,6.0,39.0,21.0
2017-12-05T17:55:00Z,28.01,356.0,62.01,62.01,355.0,41.0,20.0
2017-12-05T18:55:00Z,35.99,339.0,55.99,55.99,346.0,42.01,19.0
2017-12-05T19:55:00Z,32.01,346.0,69.01,69.01,359.0,42.01,18.0
2017-12-05T20:55:00Z,35.99,343.0,61.0,61.0,350.0,43.0,18.0
2017-12-05T21:55:00Z,44.0,339.0,63.01,63.01,359.0,45.0,16.0
2017-12-05T22:55:00Z,27.0,350.0,69.01,69.01,336.0,46.0,15.0
2017-12-05T23:55:00Z,15.99,351.0,35.99,35.99,0.0,46.0,14.0
2017-12-06T00:55:00Z,12.01,21.0,37.0,37.0,17.0,45.0,14.0
2017-12-06T01:55:00Z,18.99,19.0,40.0,40.0,59.0,45.0,12.0
2017-12-06T02:55:00Z,17.0,13.0,38.01,38.01,34.0,45.0,12.0
2017-12-06T03:55:00Z,18.99,22.0,49.01,49.01,24.0,46.99,10.0
2017-12-06T04:55:00Z,18.01,6.0,42.01,42.01,3.0,48.0,11.0
2017-12-06T05:55:00Z,23.0,347.0,47.0,47.0,17.0,48.0,12.0
2017-12-06T06:55:00Z,28.01,351.0,52.01,52.01,14.0,48.0,13.0
2017-12-06T07:55:00Z,28.01,352.0,54.0,54.0,12.0,48.0,12.0
2017-12-06T08:55:00Z,24.99,354.0,45.99,45.99,3.0,48.0,13.0
2017-12-06T09:55:00Z,24.99,353.0,45.99,45.99,3.0,48.0,13.0
2017-12-06T10:55:00Z,25.99,352.0,47.0,47.0,359.0,46.99,14.0
2017-12-06T11:55:00Z,25.99,351.0,47.0,47.0,5.0,46.0,14.0
2017-12-06T12:55:00Z,34.99,345.0,55.99,55.99,344.0,45.0,15.0
2017-12-06T13:55:00Z,38.99,351.0,64.0,64.0,354.0,46.0,14.0
2017-12-06T14:55:00Z,27.0,351.0,63.01,63.01,20.0,46.99,15.0
2017-12-06T15:55:00Z,28.01,346.0,53.02,53.02,48.0,48.99,14.0
2017-12-06T16:55:00Z,20.0,354.0,51.0,51.0,31.0,52.0,13.0
2017-12-06T17:55:00Z,14.99,359.0,47.0,47.0,3.0,53.01,13.0
2017-12-06T18:55:00Z,18.01,355.0,41.0,41.0,355.0,54.0,13.0
2017-12-06T19:55:00Z,11.01,8.0,42.99,42.99,24.0,55.99,11.0
2017-12-06T20:55:00Z,24.99,353.0,53.02,53.02,16.0,54.0,14.0
2017-12-06T21:55:00Z,18.99,347.0,44.98,44.98,351.0,55.0,14.0
2017-12-06T22:55:00Z,20.0,359.0,51.0,51.0,5.0,55.0,14.0
2017-12-06T23:55:00Z,17.0,12.0,49.01,49.01,7.0,55.0,15.0
2017-12-07T00:55:00Z,22.01,354.0,55.01,55.01,4.0,53.01,16.0
2017-12-07T01:55:00Z,24.99,352.0,57.0,57.0,14.0,53.01,17.0
2017-12-07T02:55:00Z,27.0,356.0,59.99,59.99,0.0,52.0,18.0
2017-12-07T03:55:00Z,17.0,0.0,52.01,52.01,5.0,51.01,19.0
2017-12-07T04:55:00Z,23.0,343.0,47.0,47.0,2.0,52.0,18.0
2017-12-07T05:55:00Z,11.01,5.0,40.0,40.0,346.0,52.0,17.0
2017-12-07T06:55:00Z,15.99,352.0,35.99,35.99,71.0,52.0,16.0
2017-12-07T07:55:00Z,18.99,360.0,38.01,38.01,8.0,52.0,15.0
2017-12-07T08:55:00Z,14.99,5.0,34.0,34.0,347.0,51.01,15.0
2017-12-07T09:55:00Z,17.0,357.0,37.0,37.0,16.0,51.01,14.0
2017-12-07T10:55:00Z,18.99,353.0,34.99,34.99,10.0,51.01,15.0
2017-12-07T11:55:00Z,17.0,352.0,44.98,44.98,346.0,50.0,15.0
2017-12-07T12:55:00Z,21.0,348.0,37.0,37.0,350.0,50.0,15.0
2017-12-07T13:55:00Z,23.0,346.0,47.0,47.0,355.0,48.99,15.0
2017-12-07T14:55:00Z,28.01,350.0,51.0,51.0,9.0,48.99,15.0
2017-12-07T15:55:00Z,24.99,352.0,54.0,54.0,355.0,50.0,14.0
2017-12-07T16:55:00Z,24.0,354.0,62.01,62.01,349.0,52.0,11.0
2017-12-07T17:55:00Z,23.0,359.0,44.0,44.0,355.0,53.01,10.0
2017-12-07T18:55:00Z,21.0,354.0,50.0,50.0,22.0,54.0,9.0
2017-12-07T19:55:00Z,24.99,350.0,44.98,44.98,33.0,54.0,9.0
2017-12-07T20:55:00Z,23.0,359.0,54.0,54.0,350.0,55.0,9.0
2017-12-07T21:55:00Z,22.01,349.0,54.0,54.0,346.0,55.0,9.0
2017-12-07T22:55:00Z,20.0,359.0,51.0,51.0,342.0,55.99,9.0
2017-12-07T23:55:00Z,18.01,355.0,45.99,45.99,352.0,55.0,10.0
2017-12-08T00:55:00Z,17.0,358.0,40.0,40.0,345.0,53.01,11.0
2017-12-08T01:55:00Z,18.99,351.0,42.99,42.99,21.0,54.0,11.0
2017-12-08T02:55:00Z,17.0,351.0,38.01,38.01,347.0,54.0,12.0
2017-12-08T03:55:00Z,14.99,355.0,35.99,35.99,350.0,55.0,12.0
2017-12-08T04:55:00Z,20.0,355.0,34.99,34.99,25.0,55.0,12.0
2017-12-08T05:55:00Z,21.0,343.0,30.0,30.0,340.0,48.99,13.0
2017-12-08T06:55:00Z,24.0,342.0,34.99,34.99,355.0,48.0,13.0
2017-12-08T07:55:00Z,28.01,341.0,37.0,37.0,355.0,48.0,13.0
2017-12-08T08:55:00Z,15.99,351.0,38.01,38.01,355.0,48.99,13.0
2017-12-08T09:55:00Z,18.99,5.0,34.0,34.0,15.0,53.01,13.0
2017-12-08T10:55:00Z,15.99,353.0,34.0,34.0,15.0,52.0,13.0
2017-12-08T11:55:00Z,22.01,349.0,35.99,35.99,351.0,52.0,14.0
2017-12-08T12:55:00Z,20.0,345.0,32.99,32.99,346.0,51.01,14.0
2017-12-08T13:55:00Z,24.0,347.0,37.0,37.0,3.0,51.01,15.0
2017-12-08T14:55:00Z,21.0,352.0,44.0,44.0,24.0,52.0,15.0
2017-12-08T15:55:00Z,18.01,346.0,34.99,34.99,355.0,52.0,16.0
2017-12-08T16:55:00Z,28.99,343.0,37.0,37.0,353.0,54.0,15.0
2017-12-08T17:55:00Z,22.01,344.0,44.0,44.0,347.0,57.0,14.0
2017-12-08T18:55:00Z,24.99,342.0,42.01,42.01,359.0,59.0,14.0
2017-12-08T19:55:00Z,22.01,348.0,40.0,40.0,13.0,60.01,13.0
2017-12-08T20:55:00Z,18.01,347.0,38.99,38.99,0.0,61.0,13.0
2017-12-08T21:55:00Z,12.01,353.0,37.0,37.0,7.0,62.01,12.0
2017-12-08T22:55:00Z,12.01,15.0,27.0,27.0,354.0,62.01,12.0
2017-12-08T23:55:00Z,17.0,358.0,34.0,34.0,4.0,60.01,12.0
