stid,name,lat,lon,state,status,rec_start,rec_end,events,n_event_files,has_data_flags,elev_flag,elev_ft_synoptic,elev_m_derived
1762P,JENSA,39.98943,-105.25147,CO,INACTIVE,2019-10-22T16:04:00Z,2022-05-27T03:10:00Z,boulder_chin2021,1,YES,no,5397.0,1645.0
1840P,Table Mesa Court,39.98123,-105.25997,CO,INACTIVE,2019-10-22T16:04:00Z,2022-05-27T03:10:00Z,boulder_chin2021,1,YES,no,5554.0,1692.9
2006P,LRAPA-McKenzie Bridge,44.17014,-122.16096,OR,INACTIVE,2019-10-22T16:04:00Z,2022-05-27T03:10:00Z,labor_day_or2020,1,YES,no,1401.0,427.0
2008P,LRAPA-McKenzie Schools,44.15210,-122.36216,OR,INACTIVE,2019-10-22T16:04:00Z,2022-05-19T23:50:00Z,labor_day_or2020,1,YES,no,1079.0,328.9
2019P,Applegate Street - Jacksonville,42.30693,-122.97431,OR,INACTIVE,2019-10-22T16:04:00Z,2022-05-27T03:10:00Z,labor_day_or2020,1,YES,no,1775.0,541.0
2020P,Pioneer Hills,42.27590,-122.88624,OR,INACTIVE,2019-10-22T16:04:00Z,2022-05-27T03:10:00Z,labor_day_or2020,1,YES,no,1772.0,540.1
2042P,Stonegate Estates,42.31106,-122.80987,OR,INACTIVE,2019-10-22T16:04:00Z,2021-03-02T21:20:00Z,labor_day_or2020,1,YES,no,1572.0,479.1
2066P,Phoenix,42.27734,-122.80562,OR,INACTIVE,2019-10-22T16:04:00Z,2022-03-24T21:00:00Z,labor_day_or2020,1,YES,no,1549.0,472.1
2071P,DEK Eagle Point,42.46388,-122.80928,OR,INACTIVE,2019-10-22T16:04:00Z,2022-05-27T03:10:00Z,labor_day_or2020,1,YES,no,1289.0,392.9
2074P,Sterling Creek (800' above) - Jacksonville,42.25823,-122.99733,OR,INACTIVE,2019-10-22T16:04:00Z,2022-05-27T03:10:00Z,labor_day_or2020,1,YES,no,2818.0,858.9
2078P,New Haven,42.39197,-122.89284,OR,INACTIVE,2019-10-22T16:04:00Z,2022-05-27T03:10:00Z,labor_day_or2020,1,YES,no,1280.0,390.1
2100P,East Medford 2000 ft elevation,42.33575,-122.78692,OR,INACTIVE,2019-10-22T16:04:00Z,2022-05-27T03:10:00Z,labor_day_or2020,1,YES,no,2037.0,620.9
2107P,Bear Creek 2,42.33717,-122.83622,OR,INACTIVE,2019-10-22T16:04:00Z,2021-12-06T19:50:00Z,labor_day_or2020,1,YES,no,1490.0,454.2
3675P,Ridgewood Ranch,44.80937,-122.71084,OR,INACTIVE,2020-04-30T17:15:00Z,2022-05-27T03:10:00Z,labor_day_or2020,1,YES,no,827.0,252.1
3724P,Spanish Hills,39.97039,-105.18373,CO,INACTIVE,2020-04-30T17:15:00Z,2021-11-19T06:20:00Z,boulder_chin2021,1,YES,no,5663.0,1726.1
4120P,Annapolis Drive,42.35075,-122.82062,OR,INACTIVE,2020-07-21T16:07:00Z,2022-05-27T03:10:00Z,labor_day_or2020,1,YES,no,1762.0,537.1
A3601,French Town - Beckwith,47.01291,-114.22427,MT,ACTIVE,2019-05-10T22:49:00Z,2026-05-31T05:00:00Z,missoula_jul2024,1,YES,no,3045.0,928.1
A3674,Missoula Boyd Park,46.84230,-114.02055,MT,ACTIVE,2019-05-10T22:49:00Z,2026-05-31T05:00:00Z,missoula_jul2024,1,YES,no,3179.0,969.0
A3800,Medford MTV,42.341987,-122.9102,OR,ACTIVE,2006-02-19T00:00:00Z,2026-05-31T05:00:00Z,labor_day_or2020,1,YES,no,1339.0,408.1
A4207,Medford Welch & Jackson,42.33155,-122.88027,OR,INACTIVE,2019-10-09T18:05:00Z,2023-07-19T15:00:00Z,labor_day_or2020,1,YES,no,1368.0,417.0
A4217,Lyons,44.77874,-122.61705,OR,ACTIVE,2019-10-09T18:05:00Z,2026-05-31T05:00:00Z,labor_day_or2020,1,YES,no,663.0,202.1
A4218,Silverton,45.01500,-122.79038,OR,ACTIVE,2019-10-09T18:05:00Z,2026-05-31T05:00:00Z,labor_day_or2020,1,YES,no,226.0,68.9
A4401,Boulder - CU - 2102 Athens St.,40.01280,-105.26670,CO,ACTIVE,2019-10-10T01:25:00Z,2026-05-31T05:00:00Z,boulder_chin2021,1,YES,no,5322.0,1622.1
A4719,Mill City,44.75209,-122.47967,OR,ACTIVE,2020-06-25T15:25:00Z,2026-05-31T05:00:00Z,labor_day_or2020,1,YES,no,837.0,255.1
A4720,Detroit Lake,44.72831,-122.18276,OR,INACTIVE,2020-06-25T15:25:00Z,2025-10-16T08:00:00Z,labor_day_or2020,1,YES,no,1673.0,509.9
ABOM8,CLARK FORK RIVER ABOVE MISSOULA 3E,46.87722,-113.93139,MT,ACTIVE,2006-12-16T00:00:00Z,2026-05-31T05:00:00Z,missoula_jul2024,1,YES,no,3198.0,974.8
AENC2,ARSENAL,39.824250,-104.855720,CO,ACTIVE,2008-03-27T00:00:00Z,2026-05-31T05:56:00Z,marshall_2021,1,no,no,5257.0,1602.3
AGDO3,AGATE DAM AND RESERVOIR NEAR WHITE CITY 4ESE,42.41500,-122.77222,OR,ACTIVE,2007-03-23T00:00:00Z,2026-05-31T05:15:00Z,labor_day_or2020,1,YES,no,1525.0,464.8
ANIC1,ANACAPA ISLAND,34.015060,-119.363170,CA,ACTIVE,2004-05-13T00:00:00Z,2026-05-31T05:23:00Z,thomas_2017|woolsey_2018,2,no,no,277.0,84.4
ATC01,ATOC - Univ. Colorado Campus,40.0078,-105.2683,CO,ACTIVE,2015-02-02T22:35:00Z,2026-05-30T23:45:00Z,boulder_chin2021,1,no,no,5446.0,1659.9
ATLC1,ATLAS PEAK,38.474850,-122.2648,CA,ACTIVE,2011-01-20T00:00:00Z,2026-05-31T05:29:00Z,kincade_ign_2019|kincade_run_2019|tubbs_2017,3,no,no,1934.0,589.5
AV613,WB6RDV-3 Gates,44.75417,-122.39200,OR,INACTIVE,2020-03-30T22:09:00Z,2020-09-08T03:55:00Z,labor_day_or2020,1,no,no,3195.54,974.0
BELC2,SOUTH BOULDER CREEK NEAR ELDORADO SPRINGS 2W (BOCEL2CO),39.93278,-105.30528,CO,ACTIVE,2013-03-16T00:00:00Z,2026-05-31T05:15:00Z,boulder_chin2021,1,YES,no,6269.0,1910.8
BKSO3,BEAR GRASS,44.32530,-122.09380,OR,ACTIVE,2015-10-23T06:42:00Z,2026-05-31T04:00:00Z,labor_day_or2020,1,YES,no,4720.0,1438.7
BLMM8,BLUE MTN,46.820730,-114.100890,MT,ACTIVE,2001-04-03T00:00:00Z,2026-05-31T05:01:00Z,missoula_dec2025|missoula_jul2024,2,no,no,3412.0,1040.0
BMTC2,Blue Mountain Precipitation,39.87,-105.29720,CO,ACTIVE,2002-05-16T00:00:00Z,2026-05-31T05:48:00Z,boulder_chin2021,1,no,no,8003.0,2439.3
BNGC1,BANGOR,39.380750,-121.386230,CA,ACTIVE,1999-12-02T00:00:00Z,2026-05-31T05:51:00Z,camp_2018,1,no,no,803.0,244.8
BPKC2,Bear Peak Precipitation-BO,39.97111,-105.30860,CO,ACTIVE,2018-05-22T17:06:00Z,2026-05-31T04:40:00Z,boulder_chin2021,1,YES,no,7454.0,2272.0
BTAC2,SUGARLOAF,40.018060,-105.361390,CO,ACTIVE,2001-06-26T00:00:00Z,2026-05-31T05:25:00Z,marshall_2021,1,no,no,6733.0,2052.2
BVRC1,BEVERLY HILLS,34.124860,-118.412570,CA,ACTIVE,1999-12-02T00:00:00Z,2026-05-31T05:55:00Z,thomas_2017|woolsey_2018,2,no,no,1260.0,384.0
C2551,CW2551 Medford,42.308,-122.89867,OR,ACTIVE,2004-09-22T00:00:00Z,2026-05-31T05:30:00Z,labor_day_or2020,1,no,no,1473.59,449.2
C3932,CW3932 Central Point,42.35000,-122.90000,OR,ACTIVE,2005-06-15T00:00:00Z,2026-05-31T05:54:00Z,labor_day_or2020,1,no,no,1324.7,403.8
C4884,CW4884 Missoula,46.89433,-113.9615,MT,ACTIVE,2005-12-28T00:00:00Z,2026-05-31T05:45:00Z,missoula_jul2024,1,YES,no,3400.62,1036.5
C5507,CW5507 Camp Sherman,44.437,-121.6555,OR,ACTIVE,2006-03-08T00:00:00Z,2026-05-31T05:56:00Z,labor_day_or2020,1,no,no,3014.07,918.7
C7944,CW7944 Boulder,39.96946,-105.25738,CO,INACTIVE,2007-05-02T00:00:00Z,2024-03-29T16:47:00Z,boulder_chin2021,1,YES,no,18740.2,5712.0
C8892,CW8892 Sweet Home,44.39283,-122.722,OR,ACTIVE,2007-10-17T00:00:00Z,2026-05-31T05:56:00Z,labor_day_or2020,1,YES,no,580.12,176.8
CBXC1,COLBY MOUNTAIN,40.145640,-121.522500,CA,ACTIVE,2015-06-08T17:32:00Z,2026-05-31T05:27:00Z,camp_2018,1,no,no,6004.0,1830.0
CCNC2,COAL CREEK NEAR PLAINVIEW 1S (COCREPCO),39.87778,-105.27722,CO,ACTIVE,2014-02-18T00:00:00Z,2026-05-31T05:45:00Z,boulder_chin2021,1,YES,no,6532.0,1991.0
CDEC1,CARPENTER RIDGE,40.068660,-121.584,CA,ACTIVE,2001-06-26T00:00:00Z,2026-05-31T05:54:00Z,camp_2018,1,no,no,4816.0,1467.9
CEEC1,CHEESEBORO,34.186580,-118.719560,CA,ACTIVE,1999-12-02T00:00:00Z,2026-05-31T05:38:00Z,thomas_2017|woolsey_2018,2,no,no,1707.0,520.3
CEKC2,CORRAL CREEK,39.64,-105.464720,CO,ACTIVE,2001-05-02T00:00:00Z,2026-05-31T05:58:00Z,marshall_2021,1,no,no,8081.0,2463.1
CESC1,CHESTER,40.292610,-121.243940,CA,ACTIVE,1999-12-02T00:00:00Z,2026-05-31T06:02:00Z,camp_2018,1,no,no,4547.0,1385.9
CGFO3,COLGATE,44.316920,-121.606940,OR,ACTIVE,1999-12-02T00:00:00Z,2026-05-31T06:03:00Z,labor_day_or2020,1,no,no,3231.0,984.8
CHAC1,CASHMAN,40.001940,-120.9150,CA,ACTIVE,2001-09-17T00:00:00Z,2026-05-31T05:47:00Z,camp_2018,1,no,no,4478.0,1364.9
CICC1,OPENSHAW,39.589830,-121.635160,CA,ACTIVE,1999-12-02T00:00:00Z,2026-05-31T05:54:00Z,camp_2018,1,no,no,268.0,81.7
CMBM8,COMBINATION,46.76361,-113.39358,MT,ACTIVE,2000-01-20T00:00:00Z,2026-05-31T05:00:00Z,missoula_jul2024,1,YES,no,5600.0,1706.9
CNIC1,CAMP 9,34.353250,-118.418580,CA,ACTIVE,1999-12-02T00:00:00Z,2026-05-31T05:55:00Z,thomas_2017|woolsey_2018,2,no,no,4000.0,1219.2
CO109,093S00755RWS1SEC at Coal Creek Canyon Rd/CO-72,39.86567,-105.24060,CO,ACTIVE,2005-09-26T00:00:00Z,2026-05-31T05:57:00Z,boulder_chin2021,1,no,no,6250.0,1905.0
CO167,036E04190RWS1RHS - 1.7 mi W of McCaslin Blvd,39.96618,-105.18801,CO,ACTIVE,2016-08-04T16:54:00Z,2026-05-31T05:58:00Z,boulder_chin2021,1,YES,no,5686.0,1733.1
COCOCOBO14,Boulder 1.6 S,39.99220,-105.26470,CO,ACTIVE,2020-04-24T18:25:00Z,2026-05-30T13:00:00Z,boulder_chin2021,1,YES,no,5489.0,1673.0
COCOCOBO165,Boulder 1.8 ESE,40.01240,-105.23070,CO,INACTIVE,2020-04-24T16:10:00Z,2022-08-07T13:00:00Z,boulder_chin2021,1,YES,no,5266.0,1605.1
COCOCOBO286,Boulder 3.5 S,39.97700,-105.25760,CO,ACTIVE,2020-04-24T16:10:00Z,2026-05-30T13:00:00Z,boulder_chin2021,1,YES,no,5577.0,1699.9
COCOCOBO30,Boulder 1.9 SE,39.99150,-105.24030,CO,ACTIVE,2020-04-25T03:07:00Z,2026-05-25T13:00:00Z,boulder_chin2021,1,YES,no,5367.0,1635.9
COCOCOBO4,Boulder 2.9 S,39.99410,-105.25730,CO,ACTIVE,2020-04-24T18:25:00Z,2026-05-30T13:00:00Z,boulder_chin2021,1,YES,no,5404.0,1647.1
COCOCOBO409,Boulder 1.4 SE,40.01022,-105.23545,CO,ACTIVE,2020-04-24T16:10:00Z,2026-05-30T13:00:00Z,boulder_chin2021,1,YES,no,5282.0,1610.0
COCOCOBO456,Boulder 2.2 SSW,39.99698,-105.26717,CO,ACTIVE,2020-04-24T16:10:00Z,2026-05-30T12:43:00Z,boulder_chin2021,1,YES,no,5459.0,1663.9
COCOCOBO464,Boulder 3.2 S,39.98062,-105.24973,CO,ACTIVE,2020-04-24T18:25:00Z,2026-05-20T13:00:00Z,boulder_chin2021,1,YES,no,5479.0,1670.0
COCOCOBO533,Boulder 3.4 S,39.97780,-105.25690,CO,INACTIVE,2020-04-24T16:10:00Z,2022-06-21T13:00:00Z,boulder_chin2021,1,YES,no,5561.0,1695.0
COCOMTMS12,Missoula 4.9 N,46.93919,-114.01937,MT,ACTIVE,2020-04-27T15:10:00Z,2026-05-28T13:00:00Z,missoula_jul2024,1,YES,no,3540.0,1079.0
COCOMTMS14,Missoula 4.4 W,46.85861,-114.09970,MT,ACTIVE,2020-04-24T16:10:00Z,2026-05-30T13:15:00Z,missoula_jul2024,1,YES,no,3114.0,949.1
COCOMTMS23,Bonner-West Riverside 4.0 SE,46.83710,-113.82790,MT,ACTIVE,2020-04-24T16:10:00Z,2026-05-30T13:00:00Z,missoula_jul2024,1,YES,no,3327.0,1014.1
COCOMTMS33,Missoula 3.8 SSW,46.81467,-114.02631,MT,ACTIVE,2021-10-01T14:10:00Z,2026-05-16T11:35:00Z,missoula_jul2024,1,YES,no,3648.0,1111.9
COCOORCC101,Molalla 7.1 SSE,45.05153,-122.53268,OR,INACTIVE,2020-04-24T16:10:00Z,2021-07-11T14:00:00Z,labor_day_or2020,1,YES,no,1532.0,467.0
COCOORCC67,Molalla 7.5 S,45.04242,-122.60105,OR,INACTIVE,2020-04-24T16:10:00Z,2025-01-12T15:00:00Z,labor_day_or2020,1,YES,no,1010.0,307.8
COCOORCC80,Molalla 7.4 S,45.04233,-122.59010,OR,INACTIVE,2020-04-24T17:07:00Z,2025-12-22T16:00:00Z,labor_day_or2020,1,YES,no,1014.0,309.1
COCOORJC100,Eagle Point 6.4 SSE,42.37850,-122.76001,OR,ACTIVE,2020-04-24T16:10:00Z,2026-05-30T15:00:00Z,labor_day_or2020,1,YES,no,1706.0,520.0
COCOORJC112,Medford 2.0 SSW,42.31304,-122.86784,OR,INACTIVE,2020-06-17T18:08:00Z,2021-08-06T14:00:00Z,labor_day_or2020,1,YES,no,1411.0,430.1
COCOORJC29,Gold Hill 0.2 WSW,42.43347,-123.05314,OR,ACTIVE,2020-04-24T16:10:00Z,2026-05-29T14:00:00Z,labor_day_or2020,1,YES,no,1132.0,345.0
COCOORJC48,Jacksonville 0.2 E,42.31360,-122.96377,OR,ACTIVE,2020-04-24T16:10:00Z,2026-05-30T15:00:00Z,labor_day_or2020,1,YES,no,1562.0,476.1
COCOORJC60,Medford 6.6 SSW,42.26024,-122.92378,OR,ACTIVE,2020-04-24T18:08:00Z,2026-05-30T14:00:00Z,labor_day_or2020,1,YES,no,2182.0,665.1
COCOORJC75,Medford 0.5 SSE,42.33375,-122.84917,OR,ACTIVE,2020-04-24T16:10:00Z,2026-05-29T14:00:00Z,labor_day_or2020,1,YES,no,1470.0,448.1
COCOORJC78,Central Point 2.5 WSW,42.36284,-122.95830,OR,INACTIVE,2020-04-25T16:08:00Z,2022-02-28T16:00:00Z,labor_day_or2020,1,YES,no,1621.0,494.1
COCOORJC86,Medford 4.7 SSW,42.27711,-122.88699,OR,ACTIVE,2020-04-25T14:08:00Z,2026-05-30T13:00:00Z,labor_day_or2020,1,YES,no,1798.0,548.0
COCOORJC87,Medford 5.7 S,42.25898,-122.86969,OR,ACTIVE,2020-04-24T16:10:00Z,2026-05-30T12:57:00Z,labor_day_or2020,1,YES,no,2024.0,616.9
COCOORJC89,Medford 5.1 SSW,42.26752,-122.87510,OR,ACTIVE,2020-04-24T16:10:00Z,2026-05-30T15:00:00Z,labor_day_or2020,1,YES,no,1847.0,563.0
COCOORJC92,Medford 4.2 WSW,42.30600,-122.92220,OR,ACTIVE,2020-04-24T16:10:00Z,2026-05-30T14:00:00Z,labor_day_or2020,1,YES,no,1470.0,448.1
COCOORJC97,Jacksonville 0.5 WSW,42.31086,-122.97728,OR,ACTIVE,2020-04-24T16:10:00Z,2026-05-30T14:45:00Z,labor_day_or2020,1,YES,no,1831.0,558.1
COCOORJC99,Central Point 1.1 NW,42.38545,-122.92691,OR,ACTIVE,2020-04-25T07:07:00Z,2026-05-28T14:00:00Z,labor_day_or2020,1,YES,no,1240.0,378.0
COCOORLA130,McKenzie Bridge 1 N,44.17830,-122.16250,OR,INACTIVE,2020-04-24T17:07:00Z,2025-10-13T15:00:00Z,labor_day_or2020,1,YES,no,1398.0,426.1
COCOORLA176,Nimrod 0.3 SSW,44.10986,-122.42484,OR,INACTIVE,2020-04-24T16:10:00Z,2024-10-17T14:00:00Z,labor_day_or2020,1,YES,no,997.0,303.9
COCOORLN12,Lyons 1.6 SSW,44.75706,-122.62446,OR,ACTIVE,2020-04-24T16:10:00Z,2026-05-30T14:00:00Z,labor_day_or2020,1,YES,no,1673.0,509.9
COCOORLN20,Lyons 2.1 S,44.74832,-122.60614,OR,INACTIVE,2020-04-24T16:10:00Z,2025-12-09T15:00:00Z,labor_day_or2020,1,YES,no,1680.0,512.1
COCOORLN75,Gates 1.4 SW,44.74055,-122.43802,OR,ACTIVE,2020-04-24T16:10:00Z,2026-05-30T14:00:00Z,labor_day_or2020,1,YES,no,1037.0,316.1
COCOORLN76,Mill City 0.9 ESE,44.74669,-122.45970,OR,ACTIVE,2020-04-24T16:10:00Z,2026-05-30T14:00:00Z,labor_day_or2020,1,YES,no,906.0,276.1
COCOORMN16,Stayton 6 ENE,44.83530,-122.68360,OR,ACTIVE,2020-04-24T16:10:00Z,2026-05-30T14:00:00Z,labor_day_or2020,1,YES,no,1122.0,342.0
COCOORMN49,Mehama 0.7 ESE,44.78690,-122.60485,OR,INACTIVE,2020-04-26T15:07:00Z,2025-03-26T15:00:00Z,labor_day_or2020,1,YES,no,679.0,207.0
CONM8,CONDON WORK CENTER,47.536110,-113.717220,MT,ACTIVE,2001-06-26T00:00:00Z,2026-05-31T05:08:00Z,missoula_dec2025,1,no,no,3684.0,1122.9
COOPBOUC2,BOULDER,39.9919,-105.2667,CO,ACTIVE,2016-06-07T23:38:00Z,2026-05-31T00:40:00Z,boulder_chin2021,1,YES,no,5484.0,1671.5
COOPCGWO3,COUGAR DAM,44.1308,-122.2419,OR,ACTIVE,2016-06-12T23:08:00Z,2026-05-30T15:00:00Z,labor_day_or2020,1,YES,no,1260.0,384.0
COOPDTTO3,DETROIT DAM,44.7241,-122.2547,OR,ACTIVE,2016-06-10T12:38:00Z,2026-05-27T12:00:00Z,labor_day_or2020,1,YES,no,1220.0,371.9
COOPGRRC2,GROSS RESERVOIR,39.9363,-105.3502,CO,ACTIVE,2016-06-10T13:23:00Z,2026-05-28T11:30:00Z,boulder_chin2021,1,YES,no,7970.0,2429.3
COOPMSOM8,MISSOULA 6 NW WFO,46.9244,-114.0911,MT,ACTIVE,2016-06-08T00:43:00Z,2026-05-31T00:00:00Z,missoula_jul2024,1,YES,no,3197.0,974.4
COOPNCMC2,TABLE MESA (NCAR MESA LAB),39.98,-105.28,CO,INACTIVE,2017-06-22T18:06:00Z,2023-02-19T12:00:00Z,boulder_chin2021,1,YES,no,6185.0,1885.2
COOPSAJO3,SANTIAM JUNCTION,44.4355,-121.9428,OR,INACTIVE,2016-07-11T15:28:00Z,2024-09-30T14:00:00Z,labor_day_or2020,1,YES,no,3750.0,1143.0
COOPSCMO3,SCOTTS MILLS 9 SE,44.9527,-122.525,OR,ACTIVE,2020-07-29T19:20:00Z,2026-05-31T02:30:00Z,labor_day_or2020,1,YES,no,2315.0,705.6
COOPSVTO3,SILVERTON,45.0058,-122.7739,OR,INACTIVE,2016-06-27T18:08:00Z,2025-08-31T15:00:00Z,labor_day_or2020,1,YES,no,408.0,124.4
COWC1,LYONS VALLEY,39.125830,-123.073330,CA,ACTIVE,1999-12-02T00:00:00Z,2026-05-31T06:01:00Z,kincade_ign_2019|kincade_run_2019,2,no,no,3355.0,1022.6
CSTC1,COHASSET,39.871840,-121.768980,CA,ACTIVE,1999-12-02T00:00:00Z,2026-05-31T05:51:00Z,camp_2018,1,no,no,1733.0,528.2
CSVC1,CASITAS,34.408180,-119.371240,CA,ACTIVE,2004-01-14T00:00:00Z,2026-05-31T05:09:00Z,thomas_2017|woolsey_2018,2,no,no,639.0,194.8
CTPC2,CARPENTER PEAK,39.419080,-105.084060,CO,ACTIVE,2002-07-20T00:00:00Z,2026-05-31T05:57:00Z,marshall_2021,1,no,no,7067.0,2154.0
CUUC1,CHUCHUPATE,34.806370,-119.013630,CA,ACTIVE,1999-12-02T00:00:00Z,2026-05-31T05:22:00Z,thomas_2017|thomas_chuchupate_2017,2,no,no,5280.0,1609.3
D5789,DW5789 Medford,42.32917,-122.80917,OR,INACTIVE,2011-02-23T00:00:00Z,2024-04-23T02:15:00Z,labor_day_or2020,1,YES,no,5679.13,1731.0
D6452,DW6452 Russellville,45.06933,-122.54033,OR,ACTIVE,2010-12-22T00:00:00Z,2026-05-31T06:03:00Z,labor_day_or2020,1,no,no,1334.09,406.6
D7303,DW7303 Ashland,42.31800,-122.98333,OR,INACTIVE,2011-03-24T00:00:00Z,2020-09-17T03:13:00Z,labor_day_or2020,1,no,no,5813.65,1772.0
DALO3,DALY LAKE,44.52147,-122.08718,OR,ACTIVE,2000-01-20T00:00:00Z,2026-05-31T05:00:00Z,labor_day_or2020,1,YES,no,3690.0,1124.7
DDYC2,Doudy Draw Precipitation-BO,39.93222,-105.25680,CO,ACTIVE,2018-05-22T17:06:00Z,2026-05-30T19:35:00Z,boulder_chin2021,1,YES,no,5755.0,1754.1
DEOI4,DESOTO,41.533330,-96.083330,IA,ACTIVE,2002-11-10T00:00:00Z,2026-05-31T05:45:00Z,iowa_derecho2020,1,no,no,1000.0,304.8
DLVC1,DEL VALLE,34.429720,-118.667120,CA,ACTIVE,1999-12-02T00:00:00Z,2026-05-31T05:55:00Z,thomas_2017|woolsey_2018,2,no,no,1278.0,389.5
DMTC2,DUMONT,39.7650,-105.596940,CO,ACTIVE,2010-06-28T00:00:00Z,2026-05-31T05:29:00Z,marshall_2021,1,no,no,7973.0,2430.2
DTRO,Detroit Lake,44.730,-122.17917,OR,ACTIVE,2003-02-04T00:00:00Z,2026-05-31T05:00:00Z,labor_day_or2020,1,no,no,1675.0,510.5
E0591,EW0591 Missoula,46.80833,-114.06517,MT,ACTIVE,2012-08-01T00:00:00Z,2026-05-31T06:04:00Z,missoula_jul2024,1,no,no,3383.0,1031.1
E1735,EW1735 Central Point,42.36633,-122.93083,OR,ACTIVE,2013-01-09T00:00:00Z,2026-05-31T06:03:00Z,labor_day_or2020,1,no,no,1293.11,394.1
E3608,EW3608 BOULDER,40.00844,-105.22823,CO,ACTIVE,2013-09-25T00:00:00Z,2026-05-31T06:05:00Z,boulder_chin2021,1,no,no,5308.07,1617.9
E5447,EW5447 Eagle Point,42.51967,-122.88183,OR,ACTIVE,2014-07-09T00:00:00Z,2026-05-31T06:00:00Z,labor_day_or2020,1,no,no,1350.43,411.6
E6155,EW6155 Morrison,39.95550,-105.16800,CO,INACTIVE,2014-11-23T07:03:00Z,2025-02-17T21:14:00Z,boulder_chin2021,1,no,no,18024.9,5494.0
E6204,EW6204 Scotts Mills,45.04267,-122.66300,OR,ACTIVE,2014-11-26T18:47:00Z,2026-05-31T06:00:00Z,labor_day_or2020,1,YES,no,526.41,160.4
E6414,EW6414 Mill City,44.75717,-122.46533,OR,ACTIVE,2015-01-13T18:18:00Z,2026-05-31T06:05:00Z,labor_day_or2020,1,no,no,1001.12,305.1
E6892,EW6892 Medford,42.31700,-122.84700,OR,INACTIVE,2015-03-12T20:51:00Z,2023-06-19T12:05:00Z,labor_day_or2020,1,no,no,4639.11,1414.0
E8564,EW8564 East Bonner,46.83717,-113.828,MT,ACTIVE,2016-01-26T08:28:00Z,2026-05-31T05:59:00Z,missoula_jul2024,1,no,no,3323.0,1012.9
E9688,EW9688 Arvada,39.86667,-105.22567,CO,ACTIVE,2016-08-29T23:04:00Z,2026-05-31T05:52:00Z,boulder_chin2021,1,no,no,6159.45,1877.4
F0539,FW0539 Silverton,44.92567,-122.65683,OR,ACTIVE,2019-05-18T22:04:00Z,2026-05-31T06:00:00Z,labor_day_or2020,1,no,no,1627.0,495.9
F1740,FW1740 Colton,45.16417,-122.47533,OR,INACTIVE,2017-11-14T21:08:00Z,2025-10-17T00:40:00Z,labor_day_or2020,1,no,no,2135.83,651.0
F2003,FW2003 MEDFORD,42.33617,-122.78883,OR,ACTIVE,2019-02-02T02:23:00Z,2026-05-31T06:03:00Z,labor_day_or2020,1,YES,no,2034.0,620.0
F4834,FW4834 Medford,42.33867,-122.80333,OR,ACTIVE,2019-03-23T21:04:00Z,2026-05-31T06:05:00Z,labor_day_or2020,1,no,no,1810.92,552.0
FINM8,FINNEYS MEADOW QD,47.04593,-114.11207,MT,ACTIVE,2001-07-05T00:00:00Z,2026-05-31T05:28:00Z,missoula_dec2025|missoula_jul2024,2,no,no,4441.0,1353.6
G0378,GW0378 Missoula,46.83467,-114.00033,MT,ACTIVE,2021-08-19T19:24:00Z,2026-05-31T06:06:00Z,missoula_jul2024,1,no,no,3481.69,1061.2
G2298,GW2298 FRENCHTOWN,47.01833,-114.25050,MT,ACTIVE,2022-09-08T14:05:00Z,2026-05-31T06:05:00Z,missoula_jul2024,1,no,no,3038.06,926.0
G2344,GW2344 Missoula,46.90333,-114.11567,MT,ACTIVE,2022-09-13T20:10:00Z,2026-05-31T06:05:00Z,missoula_jul2024,1,no,no,3152.0,960.7
GMTC1,GRASS MOUNTAIN,34.640780,-118.414350,CA,ACTIVE,2004-12-10T00:00:00Z,2026-05-31T05:59:00Z,thomas_2017,1,no,no,4626.0,1410.0
HGLC1,HIGH GLADE LOOKOUT,39.208900,-122.809990,CA,ACTIVE,1999-12-02T00:00:00Z,2026-05-31T05:36:00Z,kincade_ign_2019|kincade_run_2019,2,no,no,4807.0,1465.2
HITI4,LOESS HILLS HITCHCOCK,41.421670,-95.853610,IA,ACTIVE,2006-12-20T00:00:00Z,2026-05-31T05:11:00Z,iowa_derecho2020,1,no,no,1260.0,384.0
HMRC1,HUMBUG SUMMIT,40.109520,-121.382700,CA,ACTIVE,2012-07-24T00:00:00Z,2026-05-31T05:21:00Z,camp_2018,1,no,no,6714.0,2046.4
HOPO3,HOGG PASS,44.42042,-121.85655,OR,ACTIVE,2000-01-20T00:00:00Z,2026-05-31T05:00:00Z,labor_day_or2020,1,YES,no,4790.0,1460.0
HPDC1,HOPLAND UC,39.030830,-123.080560,CA,ACTIVE,2001-04-03T00:00:00Z,2026-05-31T05:15:00Z,kincade_ign_2019|kincade_run_2019,2,no,no,2682.0,817.5
HSFO3,HORSE CREEK,44.940810,-122.400810,OR,ACTIVE,1999-12-02T00:00:00Z,2026-05-31T05:27:00Z,labor_day_or2020,1,no,no,3372.0,1027.8
HWKC1,HAWKEYE,38.735090,-122.837060,CA,ACTIVE,1999-12-02T00:00:00Z,2026-05-31T05:56:00Z,kincade_ign_2019|kincade_ignition_2019|kincade_run_2019|tubbs_2017,6,no,no,2024.0,616.9
JBGC1,JARBO GAP,39.735910,-121.488980,CA,ACTIVE,2003-04-21T00:00:00Z,2026-05-31T05:13:00Z,camp_2018,2,no,no,2535.0,772.7
JOJO3,JUMP OFF JOE,44.38605,-122.15413,OR,ACTIVE,2000-01-20T00:00:00Z,2026-05-31T05:00:00Z,labor_day_or2020,1,YES,no,3520.0,1072.9
KELC1,KONOCTI,38.911890,-122.706310,CA,ACTIVE,2001-12-11T00:00:00Z,2026-05-31T05:57:00Z,kincade_ign_2019|kincade_run_2019|tubbs_2017,3,no,no,2163.0,659.3
KMFR,Rogue Valley International Airport,42.37503,-122.87696,OR,ACTIVE,1997-04-12T00:00:00Z,2026-05-31T06:00:00Z,labor_day_or2020,1,no,no,1312.0,399.9
KMSO,"Missoula, Missoula International Airport",46.92083,-114.09250,MT,ACTIVE,1997-04-12T00:00:00Z,2026-05-31T05:53:00Z,missoula_jul2024,1,no,no,3199.0,975.1
KNXC1,KNOXVILLE CREEK,38.861940,-122.417220,CA,ACTIVE,1999-12-02T00:00:00Z,2026-05-31T05:09:00Z,kincade_ign_2019|kincade_run_2019|tubbs_2017,3,no,no,2200.0,670.6
LCBC1,LEO CARRILLO,34.045110,-118.935990,CA,ACTIVE,1999-12-02T00:00:00Z,2026-05-31T05:55:00Z,thomas_2017|woolsey_2018,2,no,no,50.0,15.2
LMDO3,LITTLE MEADOWS,44.61297,-122.22565,OR,ACTIVE,2000-01-20T00:00:00Z,2026-05-31T04:00:00Z,labor_day_or2020,1,YES,no,4020.0,1225.3
LOOC2,LOOKOUT MOUNTAIN,39.724170,-105.250280,CO,ACTIVE,2010-01-01T00:00:00Z,2026-05-31T05:10:00Z,marshall_2021,1,no,no,7504.0,2287.2
LTJC1,LITTLE TUJUNGA,34.293610,-118.360830,CA,ACTIVE,2002-09-06T00:00:00Z,2026-05-31T05:54:00Z,thomas_2017,1,no,no,1390.0,423.7
MARC2,Martin Gulch Precipitation-BO,39.94277,-105.31530,CO,ACTIVE,2018-05-22T17:06:00Z,2026-05-31T05:13:00Z,boulder_chin2021,1,YES,no,6527.0,1989.4
MBCC1,MALIBU CANYON,34.083940,-118.70345,CA,ACTIVE,2005-09-28T00:00:00Z,2026-05-31T05:56:00Z,thomas_2017|woolsey_2018,2,no,no,610.0,185.9
MBUC1,MALIBU HILLS,34.061560,-118.645220,CA,ACTIVE,1999-12-02T00:00:00Z,2026-05-31T05:56:00Z,thomas_2017|woolsey_2018,2,no,no,1575.0,480.1
MCSC2,Coal Creek at McCaslin Precipitation,39.95318,-105.16519,CO,ACTIVE,2018-05-22T16:35:00Z,2026-05-31T05:42:00Z,boulder_chin2021,1,YES,no,5486.0,1672.1
MDFO,MEDFORD,42.33111,-122.93778,OR,ACTIVE,1999-12-07T00:00:00Z,2026-05-31T05:00:00Z,labor_day_or2020,1,no,no,1340.0,408.4
MKZO3,MCKENZIE,44.21030,-121.87292,OR,ACTIVE,2000-01-20T00:00:00Z,2026-05-31T04:00:00Z,labor_day_or2020,1,YES,no,4770.0,1453.9
MOIC1,MONTECITO #2,34.4450,-119.625830,CA,ACTIVE,2011-04-26T00:00:00Z,2026-05-31T05:07:00Z,thomas_2017,1,no,no,285.0,86.9
MOMM8,FIRE EFFECTS PORTABLE #2,46.718530,-114.157310,MT,INACTIVE,2007-05-17T00:00:00Z,2025-04-04T18:26:00Z,missoula_jul2024,1,no,no,3966.0,1208.8
MRFO3,MARION FORKS,44.59397,-121.97365,OR,ACTIVE,2000-01-20T00:00:00Z,2026-05-31T04:00:00Z,labor_day_or2020,1,YES,no,2590.0,789.4
MSLM8,MISSOULA QD1,46.91658,-113.6565,MT,ACTIVE,2007-04-05T00:00:00Z,2026-05-31T05:46:00Z,missoula_jul2024,1,no,no,3777.0,1151.2
MTGRN,Greenough Hill MT-200 MP 22.1,46.90280,-113.42299,MT,ACTIVE,1998-11-14T00:00:00Z,2026-05-31T05:45:00Z,missoula_jul2024,1,no,no,4111.0,1253.0
MTIC1,MONTECITO,34.461400,-119.649010,CA,ACTIVE,1999-12-02T00:00:00Z,2026-05-31T05:47:00Z,thomas_2017,1,no,no,1619.0,493.5
MTM01,MBMG Lower Lolo,46.75,-114.13,MT,ACTIVE,2017-10-23T20:45:00Z,2026-05-31T05:00:00Z,missoula_jul2024,1,no,no,3287.0,1001.9
MTNNM,Ninemile I-90 MP 81.8,47.02299,-114.38868,MT,ACTIVE,1998-11-17T00:00:00Z,2026-05-31T05:45:00Z,missoula_jul2024,1,no,no,2988.0,910.7
NFJM8,NORTH FORK JOCKO,47.27260,-113.75617,MT,ACTIVE,2000-01-20T00:00:00Z,2026-05-31T04:00:00Z,missoula_jul2024,1,YES,no,6330.0,1929.4
NHPC1,NEWHALL PASS,34.336970,-118.5205,CA,ACTIVE,2005-09-28T00:00:00Z,2026-05-31T05:56:00Z,thomas_2017|woolsey_2018,2,no,no,2135.0,650.7
NINM8,NINE MILE,47.071330,-114.401390,MT,ACTIVE,2001-06-26T00:00:00Z,2026-05-31T04:59:00Z,missoula_dec2025,1,no,no,3314.0,1010.1
NVHC1,NOVATO FIRE - ROBINHOOD,38.112500,-122.549810,CA,ACTIVE,2016-01-21T20:14:00Z,2026-05-31T05:31:00Z,tubbs_2017,1,no,no,482.0,146.9
OAAC1,OAK RIDGE,38.738060,-123.308390,CA,ACTIVE,2016-09-01T23:36:00Z,2026-05-31T05:33:00Z,kincade_ign_2019|kincade_run_2019,2,no,no,1890.0,576.1
OD110,US20 EB at Santiam Pass MP80,44.42139,-121.85539,OR,ACTIVE,2014-06-25T00:00:00Z,2026-05-31T05:53:00Z,labor_day_or2020,1,no,no,4806.0,1464.9
OD115,I5 NB at East Pine MP32.78,42.37888,-122.90408,OR,ACTIVE,2015-05-27T19:00:00Z,2026-05-31T05:44:00Z,labor_day_or2020,1,no,no,1257.0,383.1
OD119,OR22 at Santiam Park MP25.44,44.77654,-122.56339,OR,ACTIVE,2015-11-25T00:51:00Z,2026-05-31T05:44:00Z,labor_day_or2020,1,no,no,991.0,302.1
OD140,US20 WB at Santiam Jct MP74.8,44.43628,-121.93815,OR,ACTIVE,2017-11-16T22:17:00Z,2026-05-31T05:44:00Z,labor_day_or2020,1,no,no,3835.0,1168.9
OD159,OR126 EB at McKenzie MP47.14,44.17278,-122.22689,OR,ACTIVE,2018-10-30T21:02:00Z,2026-05-31T05:44:00Z,labor_day_or2020,1,YES,no,1260.0,384.0
ODT26,I5 SB at Medford Viaduct MP28.94,42.33142,-122.87054,OR,ACTIVE,2002-02-16T00:00:00Z,2026-05-31T05:44:00Z,labor_day_or2020,1,no,no,1355.0,413.0
ODT50,US20 EB at Tombstone Summit MP 63.64,44.39548,-122.14151,OR,ACTIVE,2004-12-13T00:00:00Z,2026-05-31T05:44:00Z,labor_day_or2020,1,YES,no,4314.0,1314.9
ODT92,OR238 EB at Jacksonville Hill MP30.5,42.29126,-122.99404,OR,ACTIVE,2012-03-15T00:00:00Z,2026-05-31T05:44:00Z,labor_day_or2020,1,no,no,2178.0,663.9
OZNC1,OZENA,34.681780,-119.353730,CA,ACTIVE,2001-09-05T00:00:00Z,2026-05-31T05:22:00Z,thomas_2017,1,no,no,3690.0,1124.7
PEFO3,PEBBLE,44.236670,-121.9950,OR,ACTIVE,1999-12-02T00:00:00Z,2026-05-31T05:53:00Z,labor_day_or2020,1,no,no,3457.0,1053.7
PKCC1,PIKE COUNTY LOOKOUT,39.474690,-121.202410,CA,ACTIVE,1999-12-02T00:00:00Z,2026-05-31T05:10:00Z,camp_2018,1,no,no,3701.0,1128.1
PKLC2,PICKLE GULCH,39.844440,-105.517220,CO,ACTIVE,2001-04-03T00:00:00Z,2026-05-31T05:24:00Z,marshall_2021,1,no,no,9380.0,2859.0
PNTM8,POINT 6,47.041360,-113.986310,MT,ACTIVE,2001-04-03T00:00:00Z,2026-05-31T04:59:00Z,missoula_2025|missoula_dec2025|missoula_jul2024,3,no,no,7897.0,2407.0
PPPC1,POPPY PARK,34.728320,-118.394060,CA,ACTIVE,1999-12-02T00:00:00Z,2026-05-31T05:56:00Z,thomas_2017,1,no,no,2760.0,841.2
PSTM8,PISTOL CREEK,47.214920,-114.028700,MT,ACTIVE,2004-07-13T00:00:00Z,2026-05-31T05:41:00Z,missoula_dec2025,1,no,no,6043.0,1841.9
PSWC1,PANTHER SPRINGS,40.242120,-121.775730,CA,ACTIVE,2012-08-15T00:00:00Z,2026-05-31T05:21:00Z,camp_2018,1,no,no,3344.0,1019.3
QYRC1,QUINCY RD,39.973330,-120.941940,CA,ACTIVE,1999-12-02T00:00:00Z,2026-05-31T05:15:00Z,camp_2018,1,no,no,3652.0,1113.1
REDC2,Red Garden Precipitation-BO,39.93194,-105.29280,CO,ACTIVE,2018-05-22T17:06:00Z,2026-05-30T19:03:00Z,boulder_chin2021,1,YES,no,6282.0,1914.8
RFN,Rocky Flats - North,39.912799,-105.188587,CO,ACTIVE,2008-08-26T00:00:00Z,2026-05-31T05:00:00Z,boulder_chin2021,1,YES,no,5912.0,1802.0
RGRC2,Rio Grande Precipitation-BO,39.92250,-105.32640,CO,ACTIVE,2018-05-22T17:06:00Z,2026-05-31T05:57:00Z,boulder_chin2021,1,YES,no,7314.0,2229.3
RONM8,RONAN,47.536390,-114.098890,MT,ACTIVE,2004-06-24T00:00:00Z,2026-05-31T05:31:00Z,missoula_dec2025,1,no,no,3068.0,935.1
RORO3,ROARING RIVER,43.90098,-122.03063,OR,ACTIVE,2000-01-20T00:00:00Z,2026-05-31T02:00:00Z,labor_day_or2020,1,YES,no,4950.0,1508.8
ROVC1,ROSE VALLEY,34.543380,-119.184930,CA,ACTIVE,1999-12-02T00:00:00Z,2026-05-31T05:24:00Z,thomas_2017|thomas_rosevalley_2017|woolsey_2018,3,no,no,3331.0,1015.3
RSAC1,SANTA ROSA,38.478480,-122.711800,CA,ACTIVE,1999-12-02T00:00:00Z,2026-05-31T05:29:00Z,kincade_ign_2019|kincade_run_2019|tubbs_2017,3,no,no,599.0,182.6
SLEC1,SADDLEBACK,39.636140,-120.863990,CA,ACTIVE,2001-06-26T00:00:00Z,2026-05-31T05:18:00Z,camp_2018,1,no,no,6670.0,2033.0
SAJO3,SANTIAM JCT.,44.43503,-121.94502,OR,ACTIVE,2000-01-20T00:00:00Z,2026-05-31T02:00:00Z,labor_day_or2020,1,YES,no,3740.0,1140.0
SAUC1,SAUGUS,34.435010,-118.513180,CA,ACTIVE,1999-12-02T00:00:00Z,2026-05-31T05:57:00Z,thomas_2017|woolsey_2018,2,no,no,1450.0,442.0
SBDC2,SBC at S. Boulder D Precipitation-BO,39.97240,-105.22290,CO,ACTIVE,2018-05-22T17:06:00Z,2026-05-30T20:29:00Z,boulder_chin2021,1,YES,no,5404.0,1647.1
SBRC2,SBC at South Boulder Road Precipitation-BO,39.98285,-105.22069,CO,ACTIVE,2018-05-22T17:06:00Z,2026-05-30T19:50:00Z,boulder_chin2021,1,YES,no,5348.0,1630.1
SBVC1,SB BOTANIC GARDEN,34.455890,-119.705630,CA,ACTIVE,2011-06-09T00:00:00Z,2026-05-31T05:24:00Z,thomas_2017,1,no,no,753.0,229.5
SCMO3,Scotts Mills,44.9472,-122.5247,OR,ACTIVE,2011-10-03T00:00:00Z,2026-05-31T05:30:00Z,labor_day_or2020,1,YES,no,2315.0,705.6
SHNC2,Shanahan Ridge Precipitation-BO,39.96138,-105.26540,CO,ACTIVE,2018-05-22T17:06:00Z,2026-05-30T20:34:00Z,boulder_chin2021,1,YES,no,5844.0,1781.3
SKGCO,Boulder,39.99000,-105.26000,CO,ACTIVE,2016-12-14T16:52:00Z,2026-05-31T05:00:00Z,boulder_chin2021,1,YES,no,5486.0,1672.1
SMTO3,SMITH RIDGE,44.30325,-122.04053,OR,ACTIVE,2015-10-23T06:42:00Z,2026-05-31T04:00:00Z,labor_day_or2020,1,YES,no,3270.0,996.7
SOPC2,PSF1 SOUTH PLATTE QD,39.512440,-105.541000,CO,ACTIVE,2001-06-26T00:00:00Z,2026-05-31T05:55:00Z,marshall_2021,1,no,no,9235.0,2814.8
SSOC2,SBC at San Souci Precipitation-BO,39.95792,-105.23580,CO,ACTIVE,2018-05-22T17:06:00Z,2026-05-30T21:17:00Z,boulder_chin2021,1,YES,no,5474.0,1668.5
STTM8,STUART MOUNTAIN,46.99523,-113.92664,MT,ACTIVE,2000-02-03T00:00:00Z,2026-05-31T04:00:00Z,missoula_jul2024,1,YES,no,7400.0,2255.5
STVM8,STEVI,46.55653,-114.07436,MT,ACTIVE,2001-04-03T00:00:00Z,2026-05-31T05:14:00Z,missoula_dec2025,1,no,no,3205.0,976.9
SYN72773,"MISSOULA / JOHNSON-BELL FIELD, MT.",46.91667,-114.08333,MT,ACTIVE,2023-12-06T21:00:00Z,2026-05-27T12:00:00Z,missoula_jul2024,1,YES,no,3202.1,976.0
SYNO3,JORDAN,44.717560,-122.69225,OR,ACTIVE,2004-11-03T00:00:00Z,2026-05-31T05:13:00Z,labor_day_or2020,1,no,no,752.0,229.2
TCFO3,TROUT CREEK,44.111140,-122.57725,OR,ACTIVE,1999-12-02T00:00:00Z,2026-05-31T05:14:00Z,labor_day_or2020,1,no,no,2270.0,691.9
TCLC1,TEMESCAL (LPF),34.473940,-118.761560,CA,ACTIVE,2001-08-07T00:00:00Z,2026-05-31T05:12:00Z,thomas_2017|woolsey_2018,2,no,no,1124.0,342.6
TCMO3,THREE CREEKS MEADOW,44.14425,-121.64095,OR,ACTIVE,2000-01-20T00:00:00Z,2026-05-31T04:00:00Z,labor_day_or2020,1,YES,no,5690.0,1734.3
TPGC1,TOPANGA,34.136240,-118.606,CA,ACTIVE,2011-06-02T00:00:00Z,2026-05-31T05:57:00Z,thomas_2017|woolsey_2018,2,no,no,1600.0,487.7
TR164,MNF02 PORTABLE,39.124420,-122.771500,CA,ACTIVE,2002-01-14T00:00:00Z,2026-05-31T05:53:00Z,kincade_run_2019,1,no,no,3600.0,1097.3
TS379,MNF04 PORTABLE,39.124420,-122.771500,CA,ACTIVE,2005-10-28T00:00:00Z,2026-05-31T05:28:00Z,kincade_run_2019,1,no,no,3600.0,1097.3
TT321,LPF05 PORTABLE (CERRO N),34.82927,-119.20403,CA,ACTIVE,2015-06-18T22:50:00Z,2026-05-31T05:46:00Z,thomas_2017,1,no,no,4534.0,1382.0
TT350,LOLO PORTABLE #5,46.922780,-113.915580,MT,ACTIVE,2015-10-27T15:17:00Z,2026-04-30T15:17:00Z,missoula_jul2024,1,no,no,4765.0,1452.4
UP708,CLAY,39.87504,-105.27856,CO,ACTIVE,2012-11-07T00:00:00Z,2026-05-05T19:20:00Z,boulder_chin2021,1,YES,no,6623.0,2018.7
UP736,PLNVWS,39.87856,-105.28371,CO,ACTIVE,2013-03-27T00:00:00Z,2026-05-31T05:56:00Z,boulder_chin2021,1,no,no,6645.0,2025.4
USGSHY1755,SMITH RIVER ABV TRAIL BRDG RESV NR BELKNAP SPRINGS,44.28988889,-122.0485833,OR,ACTIVE,2020-02-24T21:15:00Z,2026-05-31T05:00:00Z,labor_day_or2020,1,YES,no,2411.4,735.0
USGSHY1788,"MCKENZIE RIVER BL PAYNE CR, NR BELKNAP SPRINGS, OR",44.28638889,-122.0368056,OR,ACTIVE,2020-02-24T21:15:00Z,2026-05-31T05:00:00Z,labor_day_or2020,1,YES,no,2208.0,673.0
USGSHY1841,"MCKENZIE RIVER ABOVE SOUTH FORK, NEAR RAINBOW, OR",44.16633,-122.25651,OR,ACTIVE,2020-02-24T21:15:00Z,2026-05-31T05:10:00Z,labor_day_or2020,1,YES,no,1171.0,356.9
USGSHY2316,Rock Creek near Clinton MT,46.7223361,-113.683061,MT,ACTIVE,2020-02-25T21:15:00Z,2026-05-31T04:45:00Z,missoula_jul2024,1,YES,no,3519.46,1072.7
USGSHY2383,Clark Fork at Turah Bridge nr Bonner MT,46.8259111,-113.8140306,MT,ACTIVE,2020-02-25T21:15:00Z,2026-05-31T04:00:00Z,missoula_jul2024,1,YES,no,3320.0,1011.9
USGSHY2431,Clark Fork below Missoula MT,46.8686333,-114.1277472,MT,ACTIVE,2020-02-25T21:15:00Z,2026-05-31T04:00:00Z,missoula_jul2024,1,YES,no,3083.88,940.0
USGSHY2445,Clark Fork above Missoula MT,46.87676389,-113.9321194,MT,ACTIVE,2020-02-25T21:15:00Z,2026-05-31T05:00:00Z,missoula_jul2024,1,YES,no,3198.3,974.8
USGSHY2520,Bitterroot River near Missoula MT,46.83173889,-114.054861,MT,ACTIVE,2020-02-25T21:15:00Z,2026-05-31T04:00:00Z,missoula_jul2024,1,YES,no,3110.0,947.9
USGSHY2522,Blackfoot River near Bonner MT,46.8994111,-113.7563194,MT,ACTIVE,2020-02-25T21:15:00Z,2026-05-31T04:30:00Z,missoula_jul2024,1,YES,no,3344.76,1019.5
USGSHY348,"FOSTER DAM TAILWATER AT FOSTER, OR",44.41479444,-122.6713556,OR,ACTIVE,2015-04-30T23:48:00Z,2026-05-31T05:20:00Z,labor_day_or2020,1,YES,no,0.0,0.0
USGSHY356,"SOUTH FORK MCKENZIE RIVER NEAR RAINBOW, OR",44.13595817,-122.248391,OR,ACTIVE,2015-04-30T23:09:00Z,2026-05-31T05:10:00Z,labor_day_or2020,1,YES,no,1236.42,376.9
USGSHY358,"MCKENZIE R BLW TRAIL BR DAM NR BELKNAP SPRINGS, OR",44.2679001,-122.0497826,OR,ACTIVE,2015-04-30T23:12:00Z,2026-05-31T04:30:00Z,labor_day_or2020,1,YES,no,1980.0,603.5
USGSHY360,"THOMAS CREEK NEAR SCIO, OR",44.71206687,-122.7700878,OR,ACTIVE,2015-04-30T23:12:00Z,2026-05-31T04:45:00Z,labor_day_or2020,1,YES,no,370.0,112.8
USGSHY363,"LOOKOUT CREEK NEAR BLUE RIVER, OR",44.2095708,-122.256733,OR,ACTIVE,2015-04-30T23:48:00Z,2026-05-31T04:30:00Z,labor_day_or2020,1,YES,no,1377.76,419.9
USGSHY366,"GREEN PETER DAM TAILWATER NEAR FOSTER, OR",44.4492944,-122.5496667,OR,ACTIVE,2015-04-30T23:32:00Z,2026-05-31T05:20:00Z,labor_day_or2020,1,YES,no,0.0,0.0
USGSHY367,"NORTH SANTIAM RIVER AT MEHAMA, OR",44.78925,-122.61881,OR,ACTIVE,2015-04-30T23:12:00Z,2026-05-31T05:10:00Z,labor_day_or2020,1,YES,no,605.78,184.6
USGSHY379,"SOUTH SANTIAM RIVER NEAR FOSTER, OR",44.4123468,-122.6886956,OR,ACTIVE,2015-04-30T23:36:00Z,2026-05-31T05:10:00Z,labor_day_or2020,1,YES,no,530.0,161.5
USGSHY386,"MIDDLE SANTIAM R NEAR CASCADIA, OR",44.5151239,-122.3720249,OR,ACTIVE,2015-04-30T23:09:00Z,2026-05-31T05:10:00Z,labor_day_or2020,1,YES,no,1040.0,317.0
USGSHY405,"BLUE RIVER AT BLUE RIVER, OR",44.16234819,-122.3331192,OR,ACTIVE,2015-04-30T23:09:00Z,2026-05-31T05:10:00Z,labor_day_or2020,1,YES,no,1056.53,322.0
USGSHY406,"BIG CLIFF DAM TAILWATER NEAR NIAGARA, OR",44.7514861,-122.2833778,OR,ACTIVE,2015-04-30T23:12:00Z,2026-05-31T05:20:00Z,labor_day_or2020,1,YES,no,0.0,0.0
USGSHY407,"SMITH RIVER ABV SMITH R RESV,NR BELKNAP SPRNGS,OR",44.3345666,-122.0470074,OR,ACTIVE,2015-04-30T23:12:00Z,2026-05-31T04:45:00Z,labor_day_or2020,1,YES,no,2610.0,795.5
USGSHY437,"MCKENZIE RIVER NEAR VIDA, OR",44.1248487,-122.47062,OR,ACTIVE,2015-04-30T23:32:00Z,2026-05-31T05:15:00Z,labor_day_or2020,1,YES,no,855.71,260.8
USGSHY441,"BEAR CREEK AT MEDFORD, OR",42.32401547,-122.8667057,OR,ACTIVE,2015-04-30T23:09:00Z,2026-05-31T05:15:00Z,labor_day_or2020,1,YES,no,1343.27,409.4
USGSHY452,"QUARTZVILLE CREEK NEAR CASCADIA, OR",44.54012357,-122.4359155,OR,ACTIVE,2015-04-30T23:48:00Z,2026-05-31T05:10:00Z,labor_day_or2020,1,YES,no,1050.0,320.0
USGSHY454,"COUGAR DAM TAILWATER NEAR RAINBOW, OR",44.1305472,-122.2435889,OR,ACTIVE,2015-04-30T23:48:00Z,2026-05-31T05:00:00Z,labor_day_or2020,1,YES,no,0.0,0.0
USGSHY455,"LITTLE NORTH SANTIAM RIVER NEAR MEHAMA, OR",44.7915108,-122.5789738,OR,ACTIVE,2015-04-30T23:48:00Z,2026-05-31T05:10:00Z,labor_day_or2020,1,YES,no,655.41,199.8
USGSHY456,"BREITENBUSH R ABV FRENCH CR NR DETROIT, OR.",44.75262179,-122.1289648,OR,ACTIVE,2015-04-30T23:32:00Z,2026-05-31T05:10:00Z,labor_day_or2020,1,YES,no,1573.95,479.7
USGSHY462,"NO SANTIAM R BLW BOULDER CRK, NR DETROIT, OR",44.7067885,-122.1011859,OR,ACTIVE,2015-04-30T23:48:00Z,2026-05-31T05:10:00Z,labor_day_or2020,1,YES,no,1590.07,484.7
USGSHY485,"MCKENZIE RIVER BLW LEABURG DAM, NR LEABURG, OR",44.123738,-122.6275715,OR,ACTIVE,2015-05-01T02:31:00Z,2026-05-31T04:30:00Z,labor_day_or2020,1,YES,no,710.0,216.4
USGSHY489,"SCHAFER CREEK NEAR LACOMB, OR",44.61956728,-122.4659162,OR,ACTIVE,2015-04-30T23:12:00Z,2026-05-31T04:45:00Z,labor_day_or2020,1,YES,no,2900.0,883.9
USGSHY496,"ROGUE RIVER AT RAYGOLD NEAR CENTRAL POINT, OR",42.43734597,-122.9872678,OR,ACTIVE,2015-04-30T23:12:00Z,2026-05-31T05:10:00Z,labor_day_or2020,1,YES,no,1121.78,341.9
USGSHY513,"NORTH SANTIAM RIVER AT NIAGARA, OR",44.75377778,-122.2974444,OR,ACTIVE,2015-05-01T00:15:00Z,2026-05-31T05:10:00Z,labor_day_or2020,1,YES,no,1093.78,333.4
USGSHY516,"WILEY CREEK NEAR FOSTER, OR",44.37234769,-122.6231384,OR,ACTIVE,2015-04-30T23:32:00Z,2026-05-31T05:10:00Z,labor_day_or2020,1,YES,no,720.0,219.5
USGSHY523,"DETROIT DAM TAILWATER NEAR DETROIT, OR",44.722,-122.251,OR,ACTIVE,2015-04-30T23:09:00Z,2026-05-31T05:20:00Z,labor_day_or2020,1,YES,no,0.0,0.0
USGSHY527,"BLUE RIVER BELOW TIDBITS CREEK, NR BLUE RIVER, OR",44.2179043,-122.2650676,OR,ACTIVE,2015-04-30T23:12:00Z,2026-05-31T05:00:00Z,labor_day_or2020,1,YES,no,1386.9,422.7
USGSHY528,"APPLEGATE RIVER NEAR APPLEGATE, OR",42.2415113,-123.1400485,OR,ACTIVE,2015-04-30T23:09:00Z,2026-05-31T05:10:00Z,labor_day_or2020,1,YES,no,1285.33,391.8
USGSHY545,"MIDDLE SANTIAM R BLW GREEN PETER DAM NR FOSTER, OR",44.44818005,-122.5503613,OR,ACTIVE,2015-04-30T23:48:00Z,2026-05-31T05:20:00Z,labor_day_or2020,1,YES,no,0.0,0.0
USGSHY552,SO FK MCKENZIE RIVER ABV COUGAR LAKE NR RAINBOW OR,44.047067,-122.2178245,OR,ACTIVE,2015-04-30T23:32:00Z,2026-05-31T05:10:00Z,labor_day_or2020,1,YES,no,1709.51,521.1
USGSHY560,"MCKENZIE RIVER AT OUTLET OF CLEAR LAKE, OR",44.3609545,-121.9956172,OR,ACTIVE,2015-04-30T23:12:00Z,2026-05-31T04:30:00Z,labor_day_or2020,1,YES,no,3015.32,919.1
USGSHY564,"BULL CREEK NEAR WILHOIT, OR",44.9609,-122.385,OR,ACTIVE,2015-04-30T23:09:00Z,2026-05-31T04:15:00Z,labor_day_or2020,1,YES,no,1660.0,506.0
USGSHY569,"BLOWOUT CREEK NEAR DETROIT, OR",44.65289999,-122.130908,OR,ACTIVE,2015-04-30T23:09:00Z,2026-05-31T05:10:00Z,labor_day_or2020,1,YES,no,1840.0,560.8
USGSHY581,"SOUTH SANTIAM RIVER BELOW CASCADIA, OR",44.39179225,-122.4975817,OR,ACTIVE,2015-04-30T23:32:00Z,2026-05-31T05:10:00Z,labor_day_or2020,1,YES,no,775.0,236.2
USGSHY595,"ROGUE RIVER AT DODGE BRIDGE, NEAR EAGLE POINT, OR",42.5248471,-122.8428203,OR,ACTIVE,2015-04-30T23:09:00Z,2026-05-31T05:10:00Z,labor_day_or2020,1,YES,no,1271.99,387.7
WISC1,COUNTY LINE,39.018830,-122.411690,CA,ACTIVE,1999-12-02T00:00:00Z,2026-05-31T05:36:00Z,kincade_ign_2019|kincade_run_2019|tubbs_2017,3,no,no,2085.0,635.5
WLRC2,Walker Ranch Precipitation-BO,39.95222,-105.33970,CO,ACTIVE,2018-05-22T17:06:00Z,2026-05-31T05:51:00Z,boulder_chin2021,1,YES,no,7288.0,2221.4
WLYC1,WILEY RIDGE,34.371670,-118.840830,CA,ACTIVE,2001-04-03T00:00:00Z,2026-05-31T05:49:00Z,thomas_2017,1,no,no,1625.0,495.3
WMSC1,WARM SPRINGS,34.595830,-118.578610,CA,ACTIVE,1999-12-02T00:00:00Z,2026-05-31T05:53:00Z,thomas_2017|woolsey_2018,2,no,no,4930.0,1502.7
WPKO3,WANDERERS PEAK,45.109190,-122.196410,OR,ACTIVE,1999-12-02T00:00:00Z,2026-05-31T05:07:00Z,labor_day_or2020,1,no,no,4274.0,1302.7
WTPC1,WHITAKER PEAK,34.569380,-118.740190,CA,ACTIVE,2002-09-01T00:00:00Z,2026-05-31T05:57:00Z,thomas_2017|woolsey_2018,2,no,no,4120.0,1255.8
YEFO3,YELLOWSTONE MTN.,44.592220,-122.427780,OR,ACTIVE,1999-12-02T00:00:00Z,2026-05-31T05:17:00Z,labor_day_or2020,1,no,no,3119.0,950.7
