event,stid,file,n_rows,date_first,date_last,n_cols,has_spd,has_gust,has_dir,all_spd_null,all_gust_null,gap_flag,window_miss,flags,usable,caution
boulder_chin2021,1762P,raws_obs\boulder_chin2021\1762P_boulder_chin2021.csv,388,2021-01-13T00:00,2021-01-15T23:50,6,True,True,True,True,True,False,False,ALL_SPD_NULL | ALL_GUST_NULL,no,no
boulder_chin2021,1840P,raws_obs\boulder_chin2021\1840P_boulder_chin2021.csv,388,2021-01-13T00:00,2021-01-15T23:50,6,True,True,True,True,True,False,False,ALL_SPD_NULL | ALL_GUST_NULL,no,no
boulder_chin2021,3724P,raws_obs\boulder_chin2021\3724P_boulder_chin2021.csv,388,2021-01-13T00:00,2021-01-15T23:50,6,True,True,True,True,True,False,False,ALL_SPD_NULL | ALL_GUST_NULL,no,no
boulder_chin2021,A4401,raws_obs\boulder_chin2021\A4401_boulder_chin2021.csv,52,2021-01-13T00:00,2021-01-15T23:00,6,True,True,True,True,True,True,False,ALL_SPD_NULL | ALL_GUST_NULL | GAP>4h,no,no
boulder_chin2021,ATC01,raws_obs\boulder_chin2021\ATC01_boulder_chin2021.csv,864,2021-01-13T00:00,2021-01-15T23:55,6,True,True,True,False,False,False,False,,yes,no
boulder_chin2021,BELC2,raws_obs\boulder_chin2021\BELC2_boulder_chin2021.csv,288,2021-01-13T00:00,2021-01-15T23:45,6,True,True,True,True,True,False,False,ALL_SPD_NULL | ALL_GUST_NULL,no,no
boulder_chin2021,BMTC2,raws_obs\boulder_chin2021\BMTC2_boulder_chin2021.csv,766,2021-01-13T00:08,2021-01-15T23:55,6,True,True,True,False,False,False,False,,yes,no
boulder_chin2021,BPKC2,raws_obs\boulder_chin2021\BPKC2_boulder_chin2021.csv,6,2021-01-13T01:06,2021-01-15T12:56,6,True,True,True,True,True,True,False,ALL_SPD_NULL | ALL_GUST_NULL | GAP>12h,no,no
boulder_chin2021,C7944,raws_obs\boulder_chin2021\C7944_boulder_chin2021.csv,285,2021-01-13T00:01,2021-01-15T23:47,6,True,True,True,False,True,False,False,ALL_GUST_NULL,yes,no
boulder_chin2021,CCNC2,raws_obs\boulder_chin2021\CCNC2_boulder_chin2021.csv,288,2021-01-13T00:00,2021-01-15T23:45,6,True,True,True,True,True,False,False,ALL_SPD_NULL | ALL_GUST_NULL,no,no
boulder_chin2021,CO109,raws_obs\boulder_chin2021\CO109_boulder_chin2021.csv,432,2021-01-13T00:00,2021-01-15T23:50,6,True,True,True,False,False,False,False,,yes,no
boulder_chin2021,CO167,raws_obs\boulder_chin2021\CO167_boulder_chin2021.csv,432,2021-01-13T00:00,2021-01-15T23:50,6,True,True,True,True,True,False,False,ALL_SPD_NULL | ALL_GUST_NULL,no,no
boulder_chin2021,COCOCOBO14,raws_obs\boulder_chin2021\COCOCOBO14_boulder_chin2021.csv,2,2021-01-13T13:35,2021-01-15T17:10,6,True,True,True,True,True,False,False,ALL_SPD_NULL | ALL_GUST_NULL,no,no
boulder_chin2021,COCOCOBO165,raws_obs\boulder_chin2021\COCOCOBO165_boulder_chin2021.csv,3,2021-01-13T16:29,2021-01-15T15:30,6,True,True,True,True,True,True,False,ALL_SPD_NULL | ALL_GUST_NULL | GAP>23h,no,no
boulder_chin2021,COCOCOBO286,raws_obs\boulder_chin2021\COCOCOBO286_boulder_chin2021.csv,3,2021-01-13T15:05,2021-01-15T16:04,6,True,True,True,True,True,True,False,ALL_SPD_NULL | ALL_GUST_NULL | GAP>25h,no,no
boulder_chin2021,COCOCOBO30,raws_obs\boulder_chin2021\COCOCOBO30_boulder_chin2021.csv,2,2021-01-14T00:52,2021-01-14T22:33,6,True,True,True,True,True,True,False,ALL_SPD_NULL | ALL_GUST_NULL | GAP>22h,no,no
boulder_chin2021,COCOCOBO409,raws_obs\boulder_chin2021\COCOCOBO409_boulder_chin2021.csv,3,2021-01-13T15:46,2021-01-15T15:55,6,True,True,True,True,True,True,False,ALL_SPD_NULL | ALL_GUST_NULL | GAP>24h,no,no
boulder_chin2021,COCOCOBO456,raws_obs\boulder_chin2021\COCOCOBO456_boulder_chin2021.csv,3,2021-01-13T14:34,2021-01-15T14:36,6,True,True,True,True,True,True,False,ALL_SPD_NULL | ALL_GUST_NULL | GAP>24h,no,no
boulder_chin2021,COCOCOBO464,raws_obs\boulder_chin2021\COCOCOBO464_boulder_chin2021.csv,3,2021-01-13T18:34,2021-01-15T16:58,6,True,True,True,True,True,True,False,ALL_SPD_NULL | ALL_GUST_NULL | GAP>25h,no,no
boulder_chin2021,COCOCOBO4,raws_obs\boulder_chin2021\COCOCOBO4_boulder_chin2021.csv,2,2021-01-13T13:34,2021-01-15T17:11,6,True,True,True,True,True,False,False,ALL_SPD_NULL | ALL_GUST_NULL,no,no
boulder_chin2021,COCOCOBO533,raws_obs\boulder_chin2021\COCOCOBO533_boulder_chin2021.csv,2,2021-01-13T23:10,2021-01-15T21:16,6,True,True,True,True,True,False,False,ALL_SPD_NULL | ALL_GUST_NULL,no,no
boulder_chin2021,COOPBOUC2,raws_obs\boulder_chin2021\COOPBOUC2_boulder_chin2021.csv,4,2021-01-13T00:00,2021-01-15T23:15,6,True,True,True,True,True,True,False,ALL_SPD_NULL | ALL_GUST_NULL | GAP>24h,no,no
boulder_chin2021,COOPGRRC2,raws_obs\boulder_chin2021\COOPGRRC2_boulder_chin2021.csv,3,2021-01-13T14:30,2021-01-15T14:30,6,True,True,True,True,True,True,False,ALL_SPD_NULL | ALL_GUST_NULL | GAP>24h,no,no
boulder_chin2021,COOPNCMC2,raws_obs\boulder_chin2021\COOPNCMC2_boulder_chin2021.csv,2,2021-01-13T12:00,2021-01-14T12:00,6,True,True,True,True,True,True,False,ALL_SPD_NULL | ALL_GUST_NULL | GAP>24h,no,no
boulder_chin2021,DDYC2,raws_obs\boulder_chin2021\DDYC2_boulder_chin2021.csv,6,2021-01-13T09:16,2021-01-15T21:06,6,True,True,True,True,True,True,False,ALL_SPD_NULL | ALL_GUST_NULL | GAP>12h,no,no
boulder_chin2021,E3608,raws_obs\boulder_chin2021\E3608_boulder_chin2021.csv,480,2021-01-13T00:01,2021-01-15T23:52,6,True,True,True,False,False,False,False,,yes,no
boulder_chin2021,E6155,raws_obs\boulder_chin2021\E6155_boulder_chin2021.csv,853,2021-01-13T00:03,2021-01-15T23:58,6,True,True,True,False,False,False,False,,yes,no
boulder_chin2021,E9688,raws_obs\boulder_chin2021\E9688_boulder_chin2021.csv,432,2021-01-13T00:01,2021-01-15T23:51,6,True,True,True,False,False,False,False,,yes,no
boulder_chin2021,MARC2,raws_obs\boulder_chin2021\MARC2_boulder_chin2021.csv,6,2021-01-13T11:28,2021-01-15T23:18,6,True,True,True,True,True,True,False,ALL_SPD_NULL | ALL_GUST_NULL | GAP>12h,no,no
boulder_chin2021,MCSC2,raws_obs\boulder_chin2021\MCSC2_boulder_chin2021.csv,69,2021-01-13T00:01,2021-01-15T23:02,6,True,True,True,True,True,False,False,ALL_SPD_NULL | ALL_GUST_NULL,no,no
boulder_chin2021,REDC2,raws_obs\boulder_chin2021\REDC2_boulder_chin2021.csv,6,2021-01-13T05:18,2021-01-15T17:16,6,True,True,True,True,True,True,False,ALL_SPD_NULL | ALL_GUST_NULL | GAP>12h,no,no
boulder_chin2021,RFN,raws_obs\boulder_chin2021\RFN_boulder_chin2021.csv,255,2021-01-13T00:00,2021-01-15T23:00,6,True,True,True,False,True,False,False,ALL_GUST_NULL,yes,no
boulder_chin2021,RGRC2,raws_obs\boulder_chin2021\RGRC2_boulder_chin2021.csv,6,2021-01-13T11:31,2021-01-15T23:21,6,True,True,True,True,True,True,False,ALL_SPD_NULL | ALL_GUST_NULL | GAP>12h,no,no
boulder_chin2021,SBDC2,raws_obs\boulder_chin2021\SBDC2_boulder_chin2021.csv,6,2021-01-13T10:14,2021-01-15T22:04,6,True,True,True,True,True,True,False,ALL_SPD_NULL | ALL_GUST_NULL | GAP>12h,no,no
boulder_chin2021,SBRC2,raws_obs\boulder_chin2021\SBRC2_boulder_chin2021.csv,6,2021-01-13T05:53,2021-01-15T17:39,6,True,True,True,True,True,True,False,ALL_SPD_NULL | ALL_GUST_NULL | GAP>12h,no,no
boulder_chin2021,SHNC2,raws_obs\boulder_chin2021\SHNC2_boulder_chin2021.csv,7,2021-01-13T01:47,2021-01-15T20:34,6,True,True,True,True,True,True,False,ALL_SPD_NULL | ALL_GUST_NULL | GAP>12h,no,no
boulder_chin2021,SKGCO,raws_obs\boulder_chin2021\SKGCO_boulder_chin2021.csv,189,2021-01-13T00:00,2021-01-15T23:41,6,True,True,True,True,True,True,False,ALL_SPD_NULL | ALL_GUST_NULL | GAP>2h,no,no
boulder_chin2021,SSOC2,raws_obs\boulder_chin2021\SSOC2_boulder_chin2021.csv,7,2021-01-13T02:00,2021-01-15T13:44,6,True,True,True,True,True,True,False,ALL_SPD_NULL | ALL_GUST_NULL | GAP>12h,no,no
boulder_chin2021,UP708,raws_obs\boulder_chin2021\UP708_boulder_chin2021.csv,62,2021-01-13T01:05,2021-01-15T23:45,6,True,True,True,True,True,False,False,ALL_SPD_NULL | ALL_GUST_NULL,no,no
boulder_chin2021,UP736,raws_obs\boulder_chin2021\UP736_boulder_chin2021.csv,141,2021-01-13T00:05,2021-01-15T23:45,6,True,True,True,False,False,False,False,,yes,no
boulder_chin2021,WLRC2,raws_obs\boulder_chin2021\WLRC2_boulder_chin2021.csv,7,2021-01-13T00:09,2021-01-15T23:57,6,True,True,True,True,True,True,False,ALL_SPD_NULL | ALL_GUST_NULL | GAP>12h,no,no
camp_2018,BNGC1,raws_obs\camp_2018\BNGC1_camp_2018.csv,96,2018-11-07T00:51,2018-11-10T23:51,8,True,True,True,False,False,False,False,,yes,no
camp_2018,CBXC1,raws_obs\camp_2018\CBXC1_camp_2018.csv,96,2018-11-07T00:27,2018-11-10T23:27,8,True,True,True,False,False,False,False,,yes,no
camp_2018,CDEC1,raws_obs\camp_2018\CDEC1_camp_2018.csv,96,2018-11-07T00:54,2018-11-10T23:54,8,True,True,True,False,False,False,False,,yes,no
camp_2018,CESC1,raws_obs\camp_2018\CESC1_camp_2018.csv,96,2018-11-07T00:02,2018-11-10T23:02,8,True,True,True,False,False,False,False,,yes,no
camp_2018,CHAC1,raws_obs\camp_2018\CHAC1_camp_2018.csv,96,2018-11-07T00:47,2018-11-10T23:47,8,True,True,True,False,False,False,False,,yes,no
camp_2018,CICC1,raws_obs\camp_2018\CICC1_camp_2018.csv,96,2018-11-07T00:54,2018-11-10T23:54,8,True,True,True,False,False,False,False,,yes,no
camp_2018,CSTC1,raws_obs\camp_2018\CSTC1_camp_2018.csv,96,2018-11-07T00:51,2018-11-10T23:51,8,True,True,True,False,False,False,False,,yes,no
camp_2018,HMRC1,raws_obs\camp_2018\HMRC1_camp_2018.csv,96,2018-11-07T00:21,2018-11-10T23:21,8,True,True,True,False,False,False,False,,yes,no
camp_2018,JBGC1,raws_obs\camp_2018\JBGC1_camp_2018.csv,96,2018-11-07T00:13,2018-11-10T23:13,8,True,True,True,False,False,False,False,,yes,no
camp_2018,PKCC1,raws_obs\camp_2018\PKCC1_camp_2018.csv,96,2018-11-07T00:10,2018-11-10T23:10,8,True,True,True,False,False,False,False,,yes,no
camp_2018,PSWC1,raws_obs\camp_2018\PSWC1_camp_2018.csv,94,2018-11-07T00:21,2018-11-10T23:21,8,True,True,True,False,False,False,False,,yes,no
camp_2018,QYRC1,raws_obs\camp_2018\QYRC1_camp_2018.csv,96,2018-11-07T00:15,2018-11-10T23:15,8,True,True,True,False,False,False,False,,yes,no
iowa_derecho2020,DEOI4,raws_obs\iowa_derecho2020\DEOI4_iowa_derecho2020.csv,72,2020-08-09T00:45,2020-08-11T23:45,8,True,True,True,False,False,False,False,,yes,no
iowa_derecho2020,HITI4,raws_obs\iowa_derecho2020\HITI4_iowa_derecho2020.csv,72,2020-08-09T00:11,2020-08-11T23:11,8,True,True,True,False,False,False,False,,yes,no
kincade_ign_2019,ATLC1,raws_obs\kincade_ign_2019\ATLC1_kincade_ign_2019.csv,96,2019-10-22T00:29,2019-10-25T23:29,6,True,True,True,False,False,False,False,,yes,no
kincade_ign_2019,COWC1,raws_obs\kincade_ign_2019\COWC1_kincade_ign_2019.csv,96,2019-10-22T00:01,2019-10-25T23:01,6,True,True,True,False,False,False,False,,yes,no
kincade_ign_2019,HGLC1,raws_obs\kincade_ign_2019\HGLC1_kincade_ign_2019.csv,96,2019-10-22T00:36,2019-10-25T23:36,6,True,True,True,False,False,False,False,,yes,no
kincade_ign_2019,HPDC1,raws_obs\kincade_ign_2019\HPDC1_kincade_ign_2019.csv,96,2019-10-22T00:15,2019-10-25T23:15,6,True,True,True,False,False,False,False,,yes,no
kincade_ign_2019,HWKC1,raws_obs\kincade_ign_2019\HWKC1_kincade_ign_2019.csv,96,2019-10-22T00:56,2019-10-25T23:56,6,True,True,True,False,False,False,False,,yes,no
kincade_ign_2019,KELC1,raws_obs\kincade_ign_2019\KELC1_kincade_ign_2019.csv,96,2019-10-22T00:57,2019-10-25T23:57,6,True,True,True,False,False,False,False,,yes,no
kincade_ign_2019,KNXC1,raws_obs\kincade_ign_2019\KNXC1_kincade_ign_2019.csv,96,2019-10-22T00:09,2019-10-25T23:09,6,True,True,True,False,False,False,False,,yes,no
kincade_ign_2019,OAAC1,raws_obs\kincade_ign_2019\OAAC1_kincade_ign_2019.csv,96,2019-10-22T00:33,2019-10-25T23:33,6,True,True,True,False,False,False,False,,yes,no
kincade_ign_2019,RSAC1,raws_obs\kincade_ign_2019\RSAC1_kincade_ign_2019.csv,96,2019-10-22T00:29,2019-10-25T23:29,6,True,True,True,False,False,False,False,,yes,no
kincade_ign_2019,WISC1,raws_obs\kincade_ign_2019\WISC1_kincade_ign_2019.csv,96,2019-10-22T00:36,2019-10-25T23:36,6,True,True,True,False,False,False,False,,yes,no
kincade_run_2019,ATLC1,raws_obs\kincade_run_2019\ATLC1_kincade_run_2019.csv,72,2019-10-26T00:29,2019-10-28T23:29,8,True,True,True,False,False,False,False,,yes,no
kincade_run_2019,COWC1,raws_obs\kincade_run_2019\COWC1_kincade_run_2019.csv,72,2019-10-26T00:01,2019-10-28T23:01,8,True,True,True,False,False,False,False,,yes,no
kincade_run_2019,HGLC1,raws_obs\kincade_run_2019\HGLC1_kincade_run_2019.csv,72,2019-10-26T00:36,2019-10-28T23:36,8,True,True,True,False,False,False,False,,yes,no
kincade_run_2019,HPDC1,raws_obs\kincade_run_2019\HPDC1_kincade_run_2019.csv,72,2019-10-26T00:15,2019-10-28T23:15,8,True,True,True,False,False,False,False,,yes,no
kincade_run_2019,HWKC1,raws_obs\kincade_run_2019\HWKC1_kincade_run_2019.csv,72,2019-10-26T00:56,2019-10-28T23:56,8,True,True,True,False,False,False,False,,yes,no
kincade_run_2019,KELC1,raws_obs\kincade_run_2019\KELC1_kincade_run_2019.csv,72,2019-10-26T00:57,2019-10-28T23:57,8,True,True,True,False,False,False,False,,yes,no
kincade_run_2019,KNXC1,raws_obs\kincade_run_2019\KNXC1_kincade_run_2019.csv,72,2019-10-26T00:09,2019-10-28T23:09,8,True,True,True,False,False,False,False,,yes,no
kincade_run_2019,OAAC1,raws_obs\kincade_run_2019\OAAC1_kincade_run_2019.csv,72,2019-10-26T00:33,2019-10-28T23:33,8,True,True,True,False,False,False,False,,yes,no
kincade_run_2019,RSAC1,raws_obs\kincade_run_2019\RSAC1_kincade_run_2019.csv,72,2019-10-26T00:29,2019-10-28T23:29,8,True,True,True,False,False,False,False,,yes,no
kincade_run_2019,TR164,raws_obs\kincade_run_2019\TR164_kincade_run_2019.csv,72,2019-10-26T00:53,2019-10-28T23:53,8,True,True,True,False,False,False,False,,yes,no
kincade_run_2019,TS379,raws_obs\kincade_run_2019\TS379_kincade_run_2019.csv,72,2019-10-26T00:28,2019-10-28T23:28,8,True,True,True,False,False,False,False,,yes,no
kincade_run_2019,WISC1,raws_obs\kincade_run_2019\WISC1_kincade_run_2019.csv,72,2019-10-26T00:36,2019-10-28T23:36,8,True,True,True,False,False,False,False,,yes,no
labor_day_or2020,2006P,raws_obs\labor_day_or2020\2006P_labor_day_or2020.csv,156,2020-09-07T00:00,2020-09-08T02:40,6,True,True,True,True,True,False,False,ALL_SPD_NULL | ALL_GUST_NULL,no,no
labor_day_or2020,2008P,raws_obs\labor_day_or2020\2008P_labor_day_or2020.csv,157,2020-09-07T00:00,2020-09-08T03:00,6,True,True,True,True,True,False,False,ALL_SPD_NULL | ALL_GUST_NULL,no,no
labor_day_or2020,2019P,raws_obs\labor_day_or2020\2019P_labor_day_or2020.csv,492,2020-09-07T00:00,2020-09-10T23:50,6,True,True,True,True,True,True,False,ALL_SPD_NULL | ALL_GUST_NULL | GAP>6h,no,no
labor_day_or2020,2020P,raws_obs\labor_day_or2020\2020P_labor_day_or2020.csv,511,2020-09-07T00:00,2020-09-10T23:50,6,True,True,True,True,True,False,False,ALL_SPD_NULL | ALL_GUST_NULL,no,no
labor_day_or2020,2042P,raws_obs\labor_day_or2020\2042P_labor_day_or2020.csv,500,2020-09-07T00:00,2020-09-10T23:50,6,True,True,True,True,True,True,False,ALL_SPD_NULL | ALL_GUST_NULL | GAP>2h,no,no
labor_day_or2020,2066P,raws_obs\labor_day_or2020\2066P_labor_day_or2020.csv,261,2020-09-07T00:00,2020-09-08T22:40,6,True,True,True,True,True,False,False,ALL_SPD_NULL | ALL_GUST_NULL,no,no
labor_day_or2020,2071P,raws_obs\labor_day_or2020\2071P_labor_day_or2020.csv,461,2020-09-07T00:00,2020-09-10T23:50,6,True,True,True,True,True,False,False,ALL_SPD_NULL | ALL_GUST_NULL,no,no
labor_day_or2020,2074P,raws_obs\labor_day_or2020\2074P_labor_day_or2020.csv,514,2020-09-07T00:00,2020-09-10T23:50,6,True,True,True,True,True,False,False,ALL_SPD_NULL | ALL_GUST_NULL,no,no
labor_day_or2020,2078P,raws_obs\labor_day_or2020\2078P_labor_day_or2020.csv,517,2020-09-07T00:00,2020-09-10T23:50,6,True,True,True,True,True,False,False,ALL_SPD_NULL | ALL_GUST_NULL,no,no
labor_day_or2020,2100P,raws_obs\labor_day_or2020\2100P_labor_day_or2020.csv,515,2020-09-07T00:00,2020-09-10T23:50,6,True,True,True,True,True,False,False,ALL_SPD_NULL | ALL_GUST_NULL,no,no
labor_day_or2020,2107P,raws_obs\labor_day_or2020\2107P_labor_day_or2020.csv,516,2020-09-07T00:00,2020-09-10T23:50,6,True,True,True,True,True,False,False,ALL_SPD_NULL | ALL_GUST_NULL,no,no
labor_day_or2020,3675P,raws_obs\labor_day_or2020\3675P_labor_day_or2020.csv,302,2020-09-07T00:00,2020-09-10T23:50,6,True,True,True,True,True,True,False,ALL_SPD_NULL | ALL_GUST_NULL | GAP>44h,no,no
labor_day_or2020,4120P,raws_obs\labor_day_or2020\4120P_labor_day_or2020.csv,517,2020-09-07T00:00,2020-09-10T23:50,6,True,True,True,True,True,False,False,ALL_SPD_NULL | ALL_GUST_NULL,no,no
labor_day_or2020,A3800,raws_obs\labor_day_or2020\A3800_labor_day_or2020.csv,85,2020-09-07T00:00,2020-09-10T23:00,6,True,True,True,False,True,True,False,ALL_GUST_NULL | GAP>3h,yes,no
labor_day_or2020,A4207,raws_obs\labor_day_or2020\A4207_labor_day_or2020.csv,86,2020-09-07T00:00,2020-09-10T23:00,6,True,True,True,True,True,False,False,ALL_SPD_NULL | ALL_GUST_NULL,no,no
labor_day_or2020,A4217,raws_obs\labor_day_or2020\A4217_labor_day_or2020.csv,55,2020-09-07T00:00,2020-09-10T23:00,6,True,True,True,True,True,True,False,ALL_SPD_NULL | ALL_GUST_NULL | GAP>14h,no,no
labor_day_or2020,A4218,raws_obs\labor_day_or2020\A4218_labor_day_or2020.csv,86,2020-09-07T00:00,2020-09-10T23:00,6,True,True,True,False,True,False,False,ALL_GUST_NULL,yes,no
labor_day_or2020,A4719,raws_obs\labor_day_or2020\A4719_labor_day_or2020.csv,30,2020-09-07T00:00,2020-09-08T14:00,6,True,True,True,True,True,True,False,ALL_SPD_NULL | ALL_GUST_NULL | GAP>8h,no,no
labor_day_or2020,A4720,raws_obs\labor_day_or2020\A4720_labor_day_or2020.csv,25,2020-09-07T00:00,2020-09-08T02:00,6,True,True,True,True,True,False,False,ALL_SPD_NULL | ALL_GUST_NULL,no,no
labor_day_or2020,AGDO3,raws_obs\labor_day_or2020\AGDO3_labor_day_or2020.csv,384,2020-09-07T00:00,2020-09-10T23:45,6,True,True,True,True,True,False,False,ALL_SPD_NULL | ALL_GUST_NULL,no,no
labor_day_or2020,AV613,raws_obs\labor_day_or2020\AV613_labor_day_or2020.csv,167,2020-09-07T00:00,2020-09-08T03:55,6,True,True,True,False,False,False,False,,yes,no
labor_day_or2020,BKSO3,raws_obs\labor_day_or2020\BKSO3_labor_day_or2020.csv,96,2020-09-07T00:00,2020-09-10T23:00,6,True,True,True,True,True,False,False,ALL_SPD_NULL | ALL_GUST_NULL,no,no
labor_day_or2020,C2551,raws_obs\labor_day_or2020\C2551_labor_day_or2020.csv,1696,2020-09-07T00:00,2020-09-10T23:56,6,True,True,True,False,False,False,False,,yes,no
labor_day_or2020,C3932,raws_obs\labor_day_or2020\C3932_labor_day_or2020.csv,1152,2020-09-07T00:02,2020-09-10T23:57,6,True,True,True,False,False,False,False,,yes,no
labor_day_or2020,C5507,raws_obs\labor_day_or2020\C5507_labor_day_or2020.csv,1115,2020-09-07T00:02,2020-09-10T23:57,6,True,True,True,False,False,False,False,,yes,no
labor_day_or2020,C8892,raws_obs\labor_day_or2020\C8892_labor_day_or2020.csv,379,2020-09-07T00:06,2020-09-10T23:56,6,True,True,True,True,True,False,False,ALL_SPD_NULL | ALL_GUST_NULL,no,no
labor_day_or2020,CGFO3,raws_obs\labor_day_or2020\CGFO3_labor_day_or2020.csv,96,2020-09-07T00:03,2020-09-10T23:03,6,True,True,True,False,False,False,False,,yes,no
labor_day_or2020,COCOORCC101,raws_obs\labor_day_or2020\COCOORCC101_labor_day_or2020.csv,2,2020-09-08T19:07,2020-09-08T19:08,6,True,True,True,True,True,False,False,ALL_SPD_NULL | ALL_GUST_NULL,no,no
labor_day_or2020,COCOORCC67,raws_obs\labor_day_or2020\COCOORCC67_labor_day_or2020.csv,1,2020-09-07T15:20,2020-09-07T15:20,6,True,True,True,True,True,False,False,ALL_SPD_NULL | ALL_GUST_NULL,no,no
labor_day_or2020,COCOORCC80,raws_obs\labor_day_or2020\COCOORCC80_labor_day_or2020.csv,1,2020-09-07T16:42,2020-09-07T16:42,6,True,True,True,True,True,False,False,ALL_SPD_NULL | ALL_GUST_NULL,no,no
labor_day_or2020,COCOORJC100,raws_obs\labor_day_or2020\COCOORJC100_labor_day_or2020.csv,4,2020-09-08T15:05,2020-09-10T15:02,6,True,True,True,True,True,False,False,ALL_SPD_NULL | ALL_GUST_NULL,no,no
labor_day_or2020,COCOORJC112,raws_obs\labor_day_or2020\COCOORJC112_labor_day_or2020.csv,3,2020-09-07T16:17,2020-09-10T15:49,6,True,True,True,True,True,False,False,ALL_SPD_NULL | ALL_GUST_NULL,no,no
labor_day_or2020,COCOORJC29,raws_obs\labor_day_or2020\COCOORJC29_labor_day_or2020.csv,3,2020-09-08T14:19,2020-09-10T16:11,6,True,True,True,True,True,False,False,ALL_SPD_NULL | ALL_GUST_NULL,no,no
labor_day_or2020,COCOORJC48,raws_obs\labor_day_or2020\COCOORJC48_labor_day_or2020.csv,4,2020-09-08T04:50,2020-09-10T15:09,6,True,True,True,True,True,True,False,ALL_SPD_NULL | ALL_GUST_NULL | GAP>10h,no,no
labor_day_or2020,COCOORJC60,raws_obs\labor_day_or2020\COCOORJC60_labor_day_or2020.csv,3,2020-09-07T14:10,2020-09-10T14:04,6,True,True,True,True,True,True,False,ALL_SPD_NULL | ALL_GUST_NULL | GAP>25h,no,no
labor_day_or2020,COCOORJC75,raws_obs\labor_day_or2020\COCOORJC75_labor_day_or2020.csv,2,2020-09-07T19:49,2020-09-08T12:16,6,True,True,True,True,True,True,False,ALL_SPD_NULL | ALL_GUST_NULL | GAP>16h,no,no
labor_day_or2020,COCOORJC78,raws_obs\labor_day_or2020\COCOORJC78_labor_day_or2020.csv,4,2020-09-07T15:40,2020-09-10T16:10,6,True,True,True,True,True,True,False,ALL_SPD_NULL | ALL_GUST_NULL | GAP>25h,no,no
labor_day_or2020,COCOORJC86,raws_obs\labor_day_or2020\COCOORJC86_labor_day_or2020.csv,4,2020-09-07T14:24,2020-09-10T14:05,6,True,True,True,True,True,True,False,ALL_SPD_NULL | ALL_GUST_NULL | GAP>26h,no,no
labor_day_or2020,COCOORJC87,raws_obs\labor_day_or2020\COCOORJC87_labor_day_or2020.csv,2,2020-09-07T14:40,2020-09-08T15:23,6,True,True,True,True,True,True,False,ALL_SPD_NULL | ALL_GUST_NULL | GAP>25h,no,no
labor_day_or2020,COCOORJC89,raws_obs\labor_day_or2020\COCOORJC89_labor_day_or2020.csv,2,2020-09-08T15:25,2020-09-09T14:38,6,True,True,True,True,True,True,False,ALL_SPD_NULL | ALL_GUST_NULL | GAP>23h,no,no
labor_day_or2020,COCOORJC92,raws_obs\labor_day_or2020\COCOORJC92_labor_day_or2020.csv,1,2020-09-10T14:52,2020-09-10T14:52,6,True,True,True,True,True,False,True,ALL_SPD_NULL | ALL_GUST_NULL | WINDOW_MISS,no,no
labor_day_or2020,COCOORJC97,raws_obs\labor_day_or2020\COCOORJC97_labor_day_or2020.csv,2,2020-09-07T14:51,2020-09-08T14:24,6,True,True,True,True,True,True,False,ALL_SPD_NULL | ALL_GUST_NULL | GAP>24h,no,no
labor_day_or2020,COCOORJC99,raws_obs\labor_day_or2020\COCOORJC99_labor_day_or2020.csv,1,2020-09-09T22:17,2020-09-09T22:17,6,True,True,True,True,True,False,False,ALL_SPD_NULL | ALL_GUST_NULL,no,no
labor_day_or2020,COCOORLA130,raws_obs\labor_day_or2020\COCOORLA130_labor_day_or2020.csv,1,2020-09-07T15:15,2020-09-07T15:15,6,True,True,True,True,True,False,False,ALL_SPD_NULL | ALL_GUST_NULL,no,no
labor_day_or2020,COCOORLA176,raws_obs\labor_day_or2020\COCOORLA176_labor_day_or2020.csv,4,2020-09-07T14:18,2020-09-10T14:13,6,True,True,True,True,True,True,False,ALL_SPD_NULL | ALL_GUST_NULL | GAP>25h,no,no
labor_day_or2020,COCOORLN12,raws_obs\labor_day_or2020\COCOORLN12_labor_day_or2020.csv,1,2020-09-07T16:55,2020-09-07T16:55,6,True,True,True,True,True,False,False,ALL_SPD_NULL | ALL_GUST_NULL,no,no
labor_day_or2020,COCOORLN20,raws_obs\labor_day_or2020\COCOORLN20_labor_day_or2020.csv,1,2020-09-07T14:00,2020-09-07T14:00,6,True,True,True,True,True,False,False,ALL_SPD_NULL | ALL_GUST_NULL,no,no
labor_day_or2020,COCOORLN75,raws_obs\labor_day_or2020\COCOORLN75_labor_day_or2020.csv,1,2020-09-10T14:21,2020-09-10T14:21,6,True,True,True,True,True,False,True,ALL_SPD_NULL | ALL_GUST_NULL | WINDOW_MISS,no,no
labor_day_or2020,COCOORLN76,raws_obs\labor_day_or2020\COCOORLN76_labor_day_or2020.csv,1,2020-09-07T13:46,2020-09-07T13:46,6,True,True,True,True,True,False,False,ALL_SPD_NULL | ALL_GUST_NULL,no,no
labor_day_or2020,COCOORMN16,raws_obs\labor_day_or2020\COCOORMN16_labor_day_or2020.csv,4,2020-09-07T14:06,2020-09-10T14:08,6,True,True,True,True,True,False,False,ALL_SPD_NULL | ALL_GUST_NULL,no,no
labor_day_or2020,COCOORMN49,raws_obs\labor_day_or2020\COCOORMN49_labor_day_or2020.csv,1,2020-09-07T14:41,2020-09-07T14:41,6,True,True,True,True,True,False,False,ALL_SPD_NULL | ALL_GUST_NULL,no,no
labor_day_or2020,COOPCGWO3,raws_obs\labor_day_or2020\COOPCGWO3_labor_day_or2020.csv,4,2020-09-07T15:00,2020-09-10T15:00,6,True,True,True,True,True,True,False,ALL_SPD_NULL | ALL_GUST_NULL | GAP>24h,no,no
labor_day_or2020,COOPDTTO3,raws_obs\labor_day_or2020\COOPDTTO3_labor_day_or2020.csv,4,2020-09-07T11:00,2020-09-10T15:00,6,True,True,True,True,True,True,False,ALL_SPD_NULL | ALL_GUST_NULL | GAP>28h,no,no
labor_day_or2020,COOPSAJO3,raws_obs\labor_day_or2020\COOPSAJO3_labor_day_or2020.csv,4,2020-09-07T14:00,2020-09-10T14:00,6,True,True,True,True,True,True,False,ALL_SPD_NULL | ALL_GUST_NULL | GAP>24h,no,no
labor_day_or2020,COOPSCMO3,raws_obs\labor_day_or2020\COOPSCMO3_labor_day_or2020.csv,207,2020-09-07T00:00,2020-09-09T03:30,6,True,True,True,True,True,False,False,ALL_SPD_NULL | ALL_GUST_NULL,no,no
labor_day_or2020,COOPSVTO3,raws_obs\labor_day_or2020\COOPSVTO3_labor_day_or2020.csv,4,2020-09-07T15:00,2020-09-10T15:00,6,True,True,True,True,True,True,False,ALL_SPD_NULL | ALL_GUST_NULL | GAP>24h,no,no
labor_day_or2020,D5789,raws_obs\labor_day_or2020\D5789_labor_day_or2020.csv,511,2020-09-07T00:00,2020-09-10T23:50,6,True,True,True,False,False,True,False,GAP>10h,yes,yes
labor_day_or2020,D6452,raws_obs\labor_day_or2020\D6452_labor_day_or2020.csv,373,2020-09-07T00:20,2020-09-10T23:51,6,True,True,True,False,False,False,False,,yes,no
labor_day_or2020,D7303,raws_obs\labor_day_or2020\D7303_labor_day_or2020.csv,55,2020-09-07T00:03,2020-09-07T09:03,6,True,True,True,False,False,False,False,,yes,no
labor_day_or2020,DALO3,raws_obs\labor_day_or2020\DALO3_labor_day_or2020.csv,96,2020-09-07T00:00,2020-09-10T23:00,6,True,True,True,True,True,False,False,ALL_SPD_NULL | ALL_GUST_NULL,no,no
labor_day_or2020,DTRO,raws_obs\labor_day_or2020\DTRO_labor_day_or2020.csv,217,2020-09-07T00:00,2020-09-09T06:00,6,True,True,True,False,False,False,False,,yes,no
labor_day_or2020,E1735,raws_obs\labor_day_or2020\E1735_labor_day_or2020.csv,1044,2020-09-07T00:03,2020-09-10T23:58,6,True,True,True,False,False,False,False,,yes,no
labor_day_or2020,E5447,raws_obs\labor_day_or2020\E5447_labor_day_or2020.csv,365,2020-09-07T00:01,2020-09-10T23:45,6,True,True,True,False,False,False,False,,yes,no
labor_day_or2020,E6204,raws_obs\labor_day_or2020\E6204_labor_day_or2020.csv,211,2020-09-07T00:01,2020-09-10T21:01,6,True,True,True,False,False,True,False,GAP>14h,yes,yes
labor_day_or2020,E6414,raws_obs\labor_day_or2020\E6414_labor_day_or2020.csv,350,2020-09-07T00:00,2020-09-08T05:30,6,True,True,True,False,False,False,False,,yes,no
labor_day_or2020,E6892,raws_obs\labor_day_or2020\E6892_labor_day_or2020.csv,576,2020-09-07T00:00,2020-09-10T23:51,6,True,True,True,False,False,False,False,,yes,no
labor_day_or2020,F0539,raws_obs\labor_day_or2020\F0539_labor_day_or2020.csv,94,2020-09-07T00:01,2020-09-08T01:00,6,True,True,True,False,False,False,False,,yes,no
labor_day_or2020,F1740,raws_obs\labor_day_or2020\F1740_labor_day_or2020.csv,694,2020-09-07T00:05,2020-09-10T23:50,6,True,True,True,False,False,False,False,,yes,no
labor_day_or2020,F2003,raws_obs\labor_day_or2020\F2003_labor_day_or2020.csv,552,2020-09-07T00:00,2020-09-10T23:40,6,True,True,True,False,False,True,False,GAP>4h,yes,no
labor_day_or2020,F4834,raws_obs\labor_day_or2020\F4834_labor_day_or2020.csv,614,2020-09-08T20:45,2020-09-10T23:55,6,True,True,True,False,False,False,False,,yes,no
labor_day_or2020,HOPO3,raws_obs\labor_day_or2020\HOPO3_labor_day_or2020.csv,96,2020-09-07T00:00,2020-09-10T23:00,6,True,True,True,True,True,False,False,ALL_SPD_NULL | ALL_GUST_NULL,no,no
labor_day_or2020,HSFO3,raws_obs\labor_day_or2020\HSFO3_labor_day_or2020.csv,96,2020-09-07T00:27,2020-09-10T23:27,6,True,True,True,False,False,False,False,,yes,no
labor_day_or2020,JOJO3,raws_obs\labor_day_or2020\JOJO3_labor_day_or2020.csv,96,2020-09-07T00:00,2020-09-10T23:00,6,True,True,True,True,True,False,False,ALL_SPD_NULL | ALL_GUST_NULL,no,no
labor_day_or2020,KMFR,raws_obs\labor_day_or2020\KMFR_labor_day_or2020.csv,1147,2020-09-07T00:05,2020-09-10T23:55,6,True,True,True,False,False,False,False,,yes,no
labor_day_or2020,LMDO3,raws_obs\labor_day_or2020\LMDO3_labor_day_or2020.csv,54,2020-09-07T00:00,2020-09-09T05:00,6,True,True,True,True,True,False,False,ALL_SPD_NULL | ALL_GUST_NULL,no,no
labor_day_or2020,MDFO,raws_obs\labor_day_or2020\MDFO_labor_day_or2020.csv,384,2020-09-07T00:00,2020-09-10T23:45,6,True,True,True,False,False,False,False,,yes,no
labor_day_or2020,MKZO3,raws_obs\labor_day_or2020\MKZO3_labor_day_or2020.csv,91,2020-09-07T00:00,2020-09-10T23:00,6,True,True,True,True,True,True,False,ALL_SPD_NULL | ALL_GUST_NULL | GAP>6h,no,no
labor_day_or2020,MRFO3,raws_obs\labor_day_or2020\MRFO3_labor_day_or2020.csv,91,2020-09-07T00:00,2020-09-10T23:00,6,True,True,True,True,True,True,False,ALL_SPD_NULL | ALL_GUST_NULL | GAP>6h,no,no
labor_day_or2020,OD110,raws_obs\labor_day_or2020\OD110_labor_day_or2020.csv,383,2020-09-07T00:00,2020-09-10T23:40,6,True,True,True,False,False,False,False,,yes,no
labor_day_or2020,OD115,raws_obs\labor_day_or2020\OD115_labor_day_or2020.csv,375,2020-09-07T00:00,2020-09-10T23:45,6,True,True,True,False,False,False,False,,yes,no
labor_day_or2020,OD119,raws_obs\labor_day_or2020\OD119_labor_day_or2020.csv,102,2020-09-07T00:00,2020-09-08T01:45,6,True,True,True,False,False,False,False,,yes,no
labor_day_or2020,OD140,raws_obs\labor_day_or2020\OD140_labor_day_or2020.csv,384,2020-09-07T00:00,2020-09-10T23:47,6,True,True,True,False,False,False,False,,yes,no
labor_day_or2020,OD159,raws_obs\labor_day_or2020\OD159_labor_day_or2020.csv,104,2020-09-07T00:10,2020-09-08T01:50,6,True,True,True,False,False,False,False,SPARSE_SPD(67/104),yes,yes
labor_day_or2020,ODT26,raws_obs\labor_day_or2020\ODT26_labor_day_or2020.csv,384,2020-09-07T00:00,2020-09-10T23:45,6,True,True,True,False,False,False,False,,yes,no
labor_day_or2020,ODT50,raws_obs\labor_day_or2020\ODT50_labor_day_or2020.csv,348,2020-09-07T00:16,2020-09-10T23:46,6,True,True,True,False,False,True,False,GAP>3h,yes,yes
labor_day_or2020,ODT92,raws_obs\labor_day_or2020\ODT92_labor_day_or2020.csv,377,2020-09-07T00:05,2020-09-10T23:50,6,True,True,True,False,False,False,False,,yes,no
labor_day_or2020,PEFO3,raws_obs\labor_day_or2020\PEFO3_labor_day_or2020.csv,96,2020-09-07T00:53,2020-09-10T23:53,6,True,True,True,False,False,False,False,,yes,no
labor_day_or2020,RORO3,raws_obs\labor_day_or2020\RORO3_labor_day_or2020.csv,91,2020-09-07T00:00,2020-09-10T23:00,6,True,True,True,True,True,True,False,ALL_SPD_NULL | ALL_GUST_NULL | GAP>6h,no,no
labor_day_or2020,SAJO3,raws_obs\labor_day_or2020\SAJO3_labor_day_or2020.csv,96,2020-09-07T00:00,2020-09-10T23:00,6,True,True,True,True,True,False,False,ALL_SPD_NULL | ALL_GUST_NULL,no,no
labor_day_or2020,SCMO3,raws_obs\labor_day_or2020\SCMO3_labor_day_or2020.csv,207,2020-09-07T00:00,2020-09-09T03:30,6,True,True,True,True,True,False,False,ALL_SPD_NULL | ALL_GUST_NULL,no,no
labor_day_or2020,SMTO3,raws_obs\labor_day_or2020\SMTO3_labor_day_or2020.csv,96,2020-09-07T00:00,2020-09-10T23:00,6,True,True,True,True,True,False,False,ALL_SPD_NULL | ALL_GUST_NULL,no,no
labor_day_or2020,SYNO3,raws_obs\labor_day_or2020\SYNO3_labor_day_or2020.csv,96,2020-09-07T00:13,2020-09-10T23:13,6,True,True,True,False,False,False,False,,yes,no
labor_day_or2020,TCFO3,raws_obs\labor_day_or2020\TCFO3_labor_day_or2020.csv,42,2020-09-07T00:14,2020-09-08T17:14,6,True,True,True,False,False,False,False,,yes,no
labor_day_or2020,TCMO3,raws_obs\labor_day_or2020\TCMO3_labor_day_or2020.csv,96,2020-09-07T00:00,2020-09-10T23:00,6,True,True,True,True,True,False,False,ALL_SPD_NULL | ALL_GUST_NULL,no,no
labor_day_or2020,USGSHY1755,raws_obs\labor_day_or2020\USGSHY1755_labor_day_or2020.csv,384,2020-09-07T00:00,2020-09-10T23:45,6,True,True,True,True,True,False,False,ALL_SPD_NULL | ALL_GUST_NULL,no,no
labor_day_or2020,USGSHY1788,raws_obs\labor_day_or2020\USGSHY1788_labor_day_or2020.csv,384,2020-09-07T00:00,2020-09-10T23:45,6,True,True,True,True,True,False,False,ALL_SPD_NULL | ALL_GUST_NULL,no,no
labor_day_or2020,USGSHY1841,raws_obs\labor_day_or2020\USGSHY1841_labor_day_or2020.csv,384,2020-09-07T00:00,2020-09-10T23:45,6,True,True,True,True,True,False,False,ALL_SPD_NULL | ALL_GUST_NULL,no,no
labor_day_or2020,USGSHY348,raws_obs\labor_day_or2020\USGSHY348_labor_day_or2020.csv,347,2020-09-07T00:00,2020-09-10T23:45,6,True,True,True,True,True,True,False,ALL_SPD_NULL | ALL_GUST_NULL | GAP>4h,no,no
labor_day_or2020,USGSHY356,raws_obs\labor_day_or2020\USGSHY356_labor_day_or2020.csv,647,2020-09-07T00:00,2020-09-09T07:00,6,True,True,True,True,True,False,False,ALL_SPD_NULL | ALL_GUST_NULL,no,no
labor_day_or2020,USGSHY358,raws_obs\labor_day_or2020\USGSHY358_labor_day_or2020.csv,384,2020-09-07T00:00,2020-09-10T23:45,6,True,True,True,True,True,False,False,ALL_SPD_NULL | ALL_GUST_NULL,no,no
labor_day_or2020,USGSHY360,raws_obs\labor_day_or2020\USGSHY360_labor_day_or2020.csv,384,2020-09-07T00:00,2020-09-10T23:45,6,True,True,True,True,True,False,False,ALL_SPD_NULL | ALL_GUST_NULL,no,no
labor_day_or2020,USGSHY363,raws_obs\labor_day_or2020\USGSHY363_labor_day_or2020.csv,1071,2020-09-07T00:00,2020-09-10T23:55,6,True,True,True,True,True,False,False,ALL_SPD_NULL | ALL_GUST_NULL,no,no
labor_day_or2020,USGSHY366,raws_obs\labor_day_or2020\USGSHY366_labor_day_or2020.csv,384,2020-09-07T00:00,2020-09-10T23:45,6,True,True,True,True,True,False,False,ALL_SPD_NULL | ALL_GUST_NULL,no,no
labor_day_or2020,USGSHY367,raws_obs\labor_day_or2020\USGSHY367_labor_day_or2020.csv,386,2020-09-07T00:00,2020-09-10T23:45,6,True,True,True,True,True,False,False,ALL_SPD_NULL | ALL_GUST_NULL,no,no
labor_day_or2020,USGSHY379,raws_obs\labor_day_or2020\USGSHY379_labor_day_or2020.csv,1150,2020-09-07T00:00,2020-09-10T23:55,6,True,True,True,True,True,False,False,ALL_SPD_NULL | ALL_GUST_NULL,no,no
labor_day_or2020,USGSHY386,raws_obs\labor_day_or2020\USGSHY386_labor_day_or2020.csv,1150,2020-09-07T00:00,2020-09-10T23:55,6,True,True,True,True,True,False,False,ALL_SPD_NULL | ALL_GUST_NULL,no,no
labor_day_or2020,USGSHY405,raws_obs\labor_day_or2020\USGSHY405_labor_day_or2020.csv,389,2020-09-07T00:00,2020-09-08T10:00,6,True,True,True,True,True,False,False,ALL_SPD_NULL | ALL_GUST_NULL,no,no
labor_day_or2020,USGSHY406,raws_obs\labor_day_or2020\USGSHY406_labor_day_or2020.csv,384,2020-09-07T00:00,2020-09-10T23:45,6,True,True,True,True,True,False,False,ALL_SPD_NULL | ALL_GUST_NULL,no,no
labor_day_or2020,USGSHY407,raws_obs\labor_day_or2020\USGSHY407_labor_day_or2020.csv,384,2020-09-07T00:00,2020-09-10T23:45,6,True,True,True,True,True,False,False,ALL_SPD_NULL | ALL_GUST_NULL,no,no
labor_day_or2020,USGSHY437,raws_obs\labor_day_or2020\USGSHY437_labor_day_or2020.csv,516,2020-09-07T00:00,2020-09-08T18:55,6,True,True,True,True,True,False,False,ALL_SPD_NULL | ALL_GUST_NULL,no,no
labor_day_or2020,USGSHY441,raws_obs\labor_day_or2020\USGSHY441_labor_day_or2020.csv,384,2020-09-07T00:00,2020-09-10T23:45,6,True,True,True,True,True,False,False,ALL_SPD_NULL | ALL_GUST_NULL,no,no
labor_day_or2020,USGSHY452,raws_obs\labor_day_or2020\USGSHY452_labor_day_or2020.csv,1104,2020-09-07T00:00,2020-09-10T23:55,6,True,True,True,True,True,False,False,ALL_SPD_NULL | ALL_GUST_NULL,no,no
labor_day_or2020,USGSHY454,raws_obs\labor_day_or2020\USGSHY454_labor_day_or2020.csv,191,2020-09-07T00:00,2020-09-10T23:30,6,True,True,True,True,True,False,False,ALL_SPD_NULL | ALL_GUST_NULL,no,no
labor_day_or2020,USGSHY455,raws_obs\labor_day_or2020\USGSHY455_labor_day_or2020.csv,1150,2020-09-07T00:00,2020-09-10T23:55,6,True,True,True,True,True,False,False,ALL_SPD_NULL | ALL_GUST_NULL,no,no
labor_day_or2020,USGSHY456,raws_obs\labor_day_or2020\USGSHY456_labor_day_or2020.csv,1148,2020-09-07T00:00,2020-09-10T23:55,6,True,True,True,True,True,False,False,ALL_SPD_NULL | ALL_GUST_NULL,no,no
labor_day_or2020,USGSHY462,raws_obs\labor_day_or2020\USGSHY462_labor_day_or2020.csv,1152,2020-09-07T00:00,2020-09-10T23:55,6,True,True,True,True,True,False,False,ALL_SPD_NULL | ALL_GUST_NULL,no,no
labor_day_or2020,USGSHY485,raws_obs\labor_day_or2020\USGSHY485_labor_day_or2020.csv,117,2020-09-07T00:00,2020-09-08T21:30,6,True,True,True,True,True,True,False,ALL_SPD_NULL | ALL_GUST_NULL | GAP>3h,no,no
labor_day_or2020,USGSHY489,raws_obs\labor_day_or2020\USGSHY489_labor_day_or2020.csv,384,2020-09-07T00:00,2020-09-10T23:45,6,True,True,True,True,True,False,False,ALL_SPD_NULL | ALL_GUST_NULL,no,no
labor_day_or2020,USGSHY496,raws_obs\labor_day_or2020\USGSHY496_labor_day_or2020.csv,1152,2020-09-07T00:00,2020-09-10T23:55,6,True,True,True,True,True,False,False,ALL_SPD_NULL | ALL_GUST_NULL,no,no
labor_day_or2020,USGSHY513,raws_obs\labor_day_or2020\USGSHY513_labor_day_or2020.csv,433,2020-09-07T00:00,2020-09-08T12:00,6,True,True,True,True,True,False,False,ALL_SPD_NULL | ALL_GUST_NULL,no,no
labor_day_or2020,USGSHY516,raws_obs\labor_day_or2020\USGSHY516_labor_day_or2020.csv,384,2020-09-07T00:00,2020-09-10T23:45,6,True,True,True,True,True,False,False,ALL_SPD_NULL | ALL_GUST_NULL,no,no
labor_day_or2020,USGSHY523,raws_obs\labor_day_or2020\USGSHY523_labor_day_or2020.csv,143,2020-09-07T00:00,2020-09-08T13:00,6,True,True,True,True,True,False,False,ALL_SPD_NULL | ALL_GUST_NULL,no,no
labor_day_or2020,USGSHY527,raws_obs\labor_day_or2020\USGSHY527_labor_day_or2020.csv,1100,2020-09-07T00:00,2020-09-10T23:55,6,True,True,True,True,True,False,False,ALL_SPD_NULL | ALL_GUST_NULL,no,no
labor_day_or2020,USGSHY528,raws_obs\labor_day_or2020\USGSHY528_labor_day_or2020.csv,1120,2020-09-07T00:00,2020-09-10T23:55,6,True,True,True,True,True,False,False,ALL_SPD_NULL | ALL_GUST_NULL,no,no
labor_day_or2020,USGSHY545,raws_obs\labor_day_or2020\USGSHY545_labor_day_or2020.csv,1124,2020-09-07T00:00,2020-09-10T23:55,6,True,True,True,True,True,False,False,ALL_SPD_NULL | ALL_GUST_NULL,no,no
labor_day_or2020,USGSHY552,raws_obs\labor_day_or2020\USGSHY552_labor_day_or2020.csv,1077,2020-09-07T00:00,2020-09-10T23:55,6,True,True,True,True,True,False,False,ALL_SPD_NULL | ALL_GUST_NULL,no,no
labor_day_or2020,USGSHY560,raws_obs\labor_day_or2020\USGSHY560_labor_day_or2020.csv,384,2020-09-07T00:00,2020-09-10T23:45,6,True,True,True,True,True,False,False,ALL_SPD_NULL | ALL_GUST_NULL,no,no
labor_day_or2020,USGSHY564,raws_obs\labor_day_or2020\USGSHY564_labor_day_or2020.csv,383,2020-09-07T00:00,2020-09-10T23:45,6,True,True,True,True,True,False,False,ALL_SPD_NULL | ALL_GUST_NULL,no,no
labor_day_or2020,USGSHY569,raws_obs\labor_day_or2020\USGSHY569_labor_day_or2020.csv,1142,2020-09-07T00:00,2020-09-10T23:55,6,True,True,True,True,True,False,False,ALL_SPD_NULL | ALL_GUST_NULL,no,no
labor_day_or2020,USGSHY581,raws_obs\labor_day_or2020\USGSHY581_labor_day_or2020.csv,1150,2020-09-07T00:00,2020-09-10T23:55,6,True,True,True,True,True,False,False,ALL_SPD_NULL | ALL_GUST_NULL,no,no
labor_day_or2020,USGSHY595,raws_obs\labor_day_or2020\USGSHY595_labor_day_or2020.csv,1152,2020-09-07T00:00,2020-09-10T23:55,6,True,True,True,True,True,False,False,ALL_SPD_NULL | ALL_GUST_NULL,no,no
labor_day_or2020,WPKO3,raws_obs\labor_day_or2020\WPKO3_labor_day_or2020.csv,46,2020-09-07T00:07,2020-09-08T21:07,6,True,True,True,False,False,False,False,,yes,no
labor_day_or2020,YEFO3,raws_obs\labor_day_or2020\YEFO3_labor_day_or2020.csv,96,2020-09-07T00:17,2020-09-10T23:17,6,True,True,True,False,False,False,False,,yes,no
marshall_2021,AENC2,raws_obs\marshall_2021\AENC2_marshall_2021.csv,96,2021-12-29T00:56,2022-01-01T23:56,8,True,True,True,False,False,False,False,,yes,no
marshall_2021,BTAC2,raws_obs\marshall_2021\BTAC2_marshall_2021.csv,96,2021-12-29T00:25,2022-01-01T23:25,8,True,True,True,False,False,False,False,,yes,no
marshall_2021,CEKC2,raws_obs\marshall_2021\CEKC2_marshall_2021.csv,96,2021-12-29T00:58,2022-01-01T23:58,8,True,True,True,False,False,False,False,,yes,no
marshall_2021,CTPC2,raws_obs\marshall_2021\CTPC2_marshall_2021.csv,96,2021-12-29T00:57,2022-01-01T23:57,8,True,True,True,False,False,False,False,,yes,no
marshall_2021,DMTC2,raws_obs\marshall_2021\DMTC2_marshall_2021.csv,96,2021-12-29T00:29,2022-01-01T23:29,8,True,True,True,False,False,False,False,,yes,no
marshall_2021,LOOC2,raws_obs\marshall_2021\LOOC2_marshall_2021.csv,96,2021-12-29T00:10,2022-01-01T23:10,8,True,True,True,False,False,False,False,,yes,no
marshall_2021,PKLC2,raws_obs\marshall_2021\PKLC2_marshall_2021.csv,96,2021-12-29T00:24,2022-01-01T23:24,8,True,True,True,False,False,False,False,,yes,no
marshall_2021,SOPC2,raws_obs\marshall_2021\SOPC2_marshall_2021.csv,96,2021-12-29T00:55,2022-01-01T23:55,8,True,True,True,False,False,False,False,,yes,no
missoula_dec2025,BLMM8,raws_obs\missoula_dec2025\BLMM8_missoula_dec2025.csv,120,2025-12-09T00:01,2025-12-13T23:01,8,True,True,True,False,False,False,False,,yes,no
missoula_dec2025,CONM8,raws_obs\missoula_dec2025\CONM8_missoula_dec2025.csv,120,2025-12-09T00:08,2025-12-13T23:08,8,True,True,True,False,False,False,False,,yes,no
missoula_dec2025,FINM8,raws_obs\missoula_dec2025\FINM8_missoula_dec2025.csv,120,2025-12-09T00:28,2025-12-13T23:28,8,True,True,True,False,False,False,False,,yes,no
missoula_dec2025,NINM8,raws_obs\missoula_dec2025\NINM8_missoula_dec2025.csv,120,2025-12-09T00:59,2025-12-13T23:59,8,True,True,True,False,False,False,False,,yes,no
missoula_dec2025,PNTM8,raws_obs\missoula_dec2025\PNTM8_missoula_dec2025.csv,120,2025-12-09T00:59,2025-12-13T23:59,8,True,True,True,False,False,False,False,,yes,no
missoula_dec2025,PSTM8,raws_obs\missoula_dec2025\PSTM8_missoula_dec2025.csv,118,2025-12-09T00:41,2025-12-13T23:41,8,True,True,True,False,False,False,False,,yes,no
missoula_dec2025,RONM8,raws_obs\missoula_dec2025\RONM8_missoula_dec2025.csv,120,2025-12-09T00:31,2025-12-13T23:31,8,True,True,True,False,False,False,False,,yes,no
missoula_dec2025,STVM8,raws_obs\missoula_dec2025\STVM8_missoula_dec2025.csv,120,2025-12-09T00:14,2025-12-13T23:14,8,True,True,True,False,False,False,False,,yes,no
missoula_jul2024,A3601,raws_obs\missoula_jul2024\A3601_missoula_jul2024.csv,52,2024-07-23T00:00,2024-07-25T03:00,6,True,True,True,True,True,False,False,ALL_SPD_NULL | ALL_GUST_NULL,no,no
missoula_jul2024,A3674,raws_obs\missoula_jul2024\A3674_missoula_jul2024.csv,72,2024-07-23T00:00,2024-07-25T23:00,6,True,True,True,False,True,False,False,ALL_GUST_NULL,yes,no
missoula_jul2024,ABOM8,raws_obs\missoula_jul2024\ABOM8_missoula_jul2024.csv,288,2024-07-23T00:00,2024-07-25T23:45,6,True,True,True,True,True,False,False,ALL_SPD_NULL | ALL_GUST_NULL,no,no
missoula_jul2024,BLMM8,raws_obs\missoula_jul2024\BLMM8_missoula_jul2024.csv,72,2024-07-23T00:01,2024-07-25T23:01,6,True,True,True,False,False,False,False,,yes,no
missoula_jul2024,C4884,raws_obs\missoula_jul2024\C4884_missoula_jul2024.csv,204,2024-07-23T00:00,2024-07-25T02:45,6,True,True,True,False,True,False,False,ALL_GUST_NULL,yes,no
missoula_jul2024,CMBM8,raws_obs\missoula_jul2024\CMBM8_missoula_jul2024.csv,72,2024-07-23T00:00,2024-07-25T23:00,6,True,True,True,True,True,False,False,ALL_SPD_NULL | ALL_GUST_NULL,no,no
missoula_jul2024,COCOMTMS12,raws_obs\missoula_jul2024\COCOMTMS12_missoula_jul2024.csv,3,2024-07-23T13:00,2024-07-25T13:00,6,True,True,True,True,True,False,False,ALL_SPD_NULL | ALL_GUST_NULL,no,no
missoula_jul2024,COCOMTMS14,raws_obs\missoula_jul2024\COCOMTMS14_missoula_jul2024.csv,3,2024-07-23T12:10,2024-07-25T11:45,6,True,True,True,True,True,False,False,ALL_SPD_NULL | ALL_GUST_NULL,no,no
missoula_jul2024,COCOMTMS23,raws_obs\missoula_jul2024\COCOMTMS23_missoula_jul2024.csv,3,2024-07-23T13:00,2024-07-25T13:00,6,True,True,True,True,True,False,False,ALL_SPD_NULL | ALL_GUST_NULL,no,no
missoula_jul2024,COCOMTMS33,raws_obs\missoula_jul2024\COCOMTMS33_missoula_jul2024.csv,2,2024-07-23T14:15,2024-07-24T13:10,6,True,True,True,True,True,False,False,ALL_SPD_NULL | ALL_GUST_NULL,no,no
missoula_jul2024,COOPMSOM8,raws_obs\missoula_jul2024\COOPMSOM8_missoula_jul2024.csv,9,2024-07-23T00:00,2024-07-25T12:00,6,True,True,True,True,True,True,False,ALL_SPD_NULL | ALL_GUST_NULL | GAP>12h,no,no
missoula_jul2024,E0591,raws_obs\missoula_jul2024\E0591_missoula_jul2024.csv,860,2024-07-23T00:00,2024-07-25T23:59,6,True,True,True,False,False,False,False,,yes,no
missoula_jul2024,E8564,raws_obs\missoula_jul2024\E8564_missoula_jul2024.csv,375,2024-07-23T00:05,2024-07-25T23:53,6,True,True,True,False,False,False,False,,yes,no
missoula_jul2024,FINM8,raws_obs\missoula_jul2024\FINM8_missoula_jul2024.csv,72,2024-07-23T00:28,2024-07-25T23:28,6,True,True,True,False,False,False,False,,yes,no
missoula_jul2024,G0378,raws_obs\missoula_jul2024\G0378_missoula_jul2024.csv,610,2024-07-23T00:02,2024-07-25T03:04,6,True,True,True,False,False,False,False,,yes,no
missoula_jul2024,G2298,raws_obs\missoula_jul2024\G2298_missoula_jul2024.csv,611,2024-07-23T00:04,2024-07-25T03:11,6,True,True,True,False,False,False,False,,yes,no
missoula_jul2024,G2344,raws_obs\missoula_jul2024\G2344_missoula_jul2024.csv,609,2024-07-23T00:02,2024-07-25T02:59,6,True,True,True,False,False,False,False,,yes,no
missoula_jul2024,KMSO,raws_obs\missoula_jul2024\KMSO_missoula_jul2024.csv,796,2024-07-23T00:00,2024-07-25T23:55,6,True,True,True,False,False,False,False,,yes,no
missoula_jul2024,MOMM8,raws_obs\missoula_jul2024\MOMM8_missoula_jul2024.csv,72,2024-07-23T00:26,2024-07-25T23:26,6,True,True,True,False,False,False,False,,yes,no
missoula_jul2024,MSLM8,raws_obs\missoula_jul2024\MSLM8_missoula_jul2024.csv,72,2024-07-23T00:46,2024-07-25T23:46,6,True,True,True,False,False,False,False,,yes,no
missoula_jul2024,MTGRN,raws_obs\missoula_jul2024\MTGRN_missoula_jul2024.csv,207,2024-07-23T00:00,2024-07-25T03:30,6,True,True,True,False,False,False,False,,yes,no
missoula_jul2024,MTM01,raws_obs\missoula_jul2024\MTM01_missoula_jul2024.csv,231,2024-07-23T00:00,2024-07-25T23:45,6,True,True,True,False,False,False,False,,yes,no
missoula_jul2024,MTNNM,raws_obs\missoula_jul2024\MTNNM_missoula_jul2024.csv,236,2024-07-23T00:00,2024-07-25T23:46,6,True,True,True,False,False,False,False,,yes,no
missoula_jul2024,NFJM8,raws_obs\missoula_jul2024\NFJM8_missoula_jul2024.csv,72,2024-07-23T00:00,2024-07-25T23:00,6,True,True,True,True,True,False,False,ALL_SPD_NULL | ALL_GUST_NULL,no,no
missoula_jul2024,PNTM8,raws_obs\missoula_jul2024\PNTM8_missoula_jul2024.csv,72,2024-07-23T00:59,2024-07-25T23:59,6,True,True,True,False,False,False,False,,yes,no
missoula_jul2024,STTM8,raws_obs\missoula_jul2024\STTM8_missoula_jul2024.csv,72,2024-07-23T00:00,2024-07-25T23:00,6,True,True,True,True,True,False,False,ALL_SPD_NULL | ALL_GUST_NULL,no,no
missoula_jul2024,SYN72773,raws_obs\missoula_jul2024\SYN72773_missoula_jul2024.csv,21,2024-07-23T00:00,2024-07-25T21:00,6,True,True,True,False,True,True,False,ALL_GUST_NULL | GAP>3h,yes,no
missoula_jul2024,TT350,raws_obs\missoula_jul2024\TT350_missoula_jul2024.csv,72,2024-07-23T00:17,2024-07-25T23:17,6,True,True,True,False,False,False,False,,yes,no
missoula_jul2024,USGSHY2316,raws_obs\missoula_jul2024\USGSHY2316_missoula_jul2024.csv,284,2024-07-23T00:00,2024-07-25T23:45,6,True,True,True,True,True,False,False,ALL_SPD_NULL | ALL_GUST_NULL,no,no
missoula_jul2024,USGSHY2383,raws_obs\missoula_jul2024\USGSHY2383_missoula_jul2024.csv,277,2024-07-23T00:00,2024-07-25T23:45,6,True,True,True,True,True,True,False,ALL_SPD_NULL | ALL_GUST_NULL | GAP>3h,no,no
missoula_jul2024,USGSHY2431,raws_obs\missoula_jul2024\USGSHY2431_missoula_jul2024.csv,288,2024-07-23T00:00,2024-07-25T23:45,6,True,True,True,True,True,False,False,ALL_SPD_NULL | ALL_GUST_NULL,no,no
missoula_jul2024,USGSHY2445,raws_obs\missoula_jul2024\USGSHY2445_missoula_jul2024.csv,288,2024-07-23T00:00,2024-07-25T23:45,6,True,True,True,True,True,False,False,ALL_SPD_NULL | ALL_GUST_NULL,no,no
missoula_jul2024,USGSHY2520,raws_obs\missoula_jul2024\USGSHY2520_missoula_jul2024.csv,288,2024-07-23T00:00,2024-07-25T23:45,6,True,True,True,True,True,False,False,ALL_SPD_NULL | ALL_GUST_NULL,no,no
missoula_jul2024,USGSHY2522,raws_obs\missoula_jul2024\USGSHY2522_missoula_jul2024.csv,288,2024-07-23T00:00,2024-07-25T23:45,6,True,True,True,True,True,False,False,ALL_SPD_NULL | ALL_GUST_NULL,no,no
thomas_2017,ANIC1,raws_obs\thomas_2017\ANIC1_thomas_2017.csv,144,2017-12-03T00:23,2017-12-08T23:23,8,True,True,True,False,False,False,False,,yes,no
thomas_2017,BVRC1,raws_obs\thomas_2017\BVRC1_thomas_2017.csv,144,2017-12-03T00:55,2017-12-08T23:55,8,True,True,True,False,False,False,False,,yes,no
thomas_2017,CEEC1,raws_obs\thomas_2017\CEEC1_thomas_2017.csv,143,2017-12-03T00:38,2017-12-08T23:38,8,True,True,True,False,False,False,False,,yes,no
thomas_2017,CNIC1,raws_obs\thomas_2017\CNIC1_thomas_2017.csv,144,2017-12-03T00:55,2017-12-08T23:55,8,True,True,True,False,False,False,False,,yes,no
thomas_2017,CSVC1,raws_obs\thomas_2017\CSVC1_thomas_2017.csv,144,2017-12-03T00:09,2017-12-08T23:09,8,True,True,True,False,False,False,False,,yes,no
thomas_2017,CUUC1,raws_obs\thomas_2017\CUUC1_thomas_2017.csv,144,2017-12-03T00:22,2017-12-08T23:22,8,True,True,True,False,False,False,False,,yes,no
thomas_2017,DLVC1,raws_obs\thomas_2017\DLVC1_thomas_2017.csv,144,2017-12-03T00:55,2017-12-08T23:55,8,True,True,True,False,False,False,False,,yes,no
thomas_2017,GMTC1,raws_obs\thomas_2017\GMTC1_thomas_2017.csv,144,2017-12-03T00:59,2017-12-08T23:59,8,True,True,True,False,False,False,False,,yes,no
thomas_2017,LCBC1,raws_obs\thomas_2017\LCBC1_thomas_2017.csv,144,2017-12-03T00:55,2017-12-08T23:55,8,True,True,True,False,False,False,False,,yes,no
thomas_2017,LTJC1,raws_obs\thomas_2017\LTJC1_thomas_2017.csv,144,2017-12-03T00:54,2017-12-08T23:54,8,True,True,True,False,False,False,False,,yes,no
thomas_2017,MBCC1,raws_obs\thomas_2017\MBCC1_thomas_2017.csv,143,2017-12-03T00:56,2017-12-08T23:56,8,True,True,True,False,False,False,False,,yes,no
thomas_2017,MBUC1,raws_obs\thomas_2017\MBUC1_thomas_2017.csv,144,2017-12-03T00:56,2017-12-08T23:56,8,True,True,True,False,False,False,False,,yes,no
thomas_2017,MOIC1,raws_obs\thomas_2017\MOIC1_thomas_2017.csv,144,2017-12-03T00:07,2017-12-08T23:07,8,True,True,True,False,False,False,False,,yes,no
thomas_2017,MTIC1,raws_obs\thomas_2017\MTIC1_thomas_2017.csv,144,2017-12-03T00:47,2017-12-08T23:47,8,True,True,True,False,False,False,False,,yes,no
thomas_2017,NHPC1,raws_obs\thomas_2017\NHPC1_thomas_2017.csv,144,2017-12-03T00:56,2017-12-08T23:56,8,True,True,True,False,False,False,False,,yes,no
thomas_2017,OZNC1,raws_obs\thomas_2017\OZNC1_thomas_2017.csv,144,2017-12-03T00:22,2017-12-08T23:22,8,True,True,True,False,False,False,False,,yes,no
thomas_2017,PPPC1,raws_obs\thomas_2017\PPPC1_thomas_2017.csv,144,2017-12-03T00:56,2017-12-08T23:56,8,True,True,True,False,False,False,False,,yes,no
thomas_2017,ROVC1,raws_obs\thomas_2017\ROVC1_thomas_2017.csv,144,2017-12-03T00:24,2017-12-08T23:24,8,True,True,True,False,False,False,False,,yes,no
thomas_2017,SAUC1,raws_obs\thomas_2017\SAUC1_thomas_2017.csv,144,2017-12-03T00:57,2017-12-08T23:57,8,True,True,True,False,False,False,False,,yes,no
thomas_2017,SBVC1,raws_obs\thomas_2017\SBVC1_thomas_2017.csv,144,2017-12-03T00:24,2017-12-08T23:24,8,True,True,True,False,False,False,False,,yes,no
thomas_2017,TCLC1,raws_obs\thomas_2017\TCLC1_thomas_2017.csv,144,2017-12-03T00:12,2017-12-08T23:12,8,True,True,True,False,False,False,False,,yes,no
thomas_2017,TPGC1,raws_obs\thomas_2017\TPGC1_thomas_2017.csv,144,2017-12-03T00:57,2017-12-08T23:57,8,True,True,True,False,False,False,False,,yes,no
thomas_2017,TT321,raws_obs\thomas_2017\TT321_thomas_2017.csv,144,2017-12-03T00:46,2017-12-08T23:46,8,True,True,True,False,False,False,False,,yes,no
thomas_2017,WLYC1,raws_obs\thomas_2017\WLYC1_thomas_2017.csv,144,2017-12-03T00:49,2017-12-08T23:49,8,True,True,True,False,False,False,False,,yes,no
thomas_2017,WMSC1,raws_obs\thomas_2017\WMSC1_thomas_2017.csv,144,2017-12-03T00:53,2017-12-08T23:53,8,True,True,True,False,False,False,False,,yes,no
thomas_2017,WTPC1,raws_obs\thomas_2017\WTPC1_thomas_2017.csv,144,2017-12-03T00:57,2017-12-08T23:57,8,True,True,True,False,False,False,False,,yes,no
tubbs_2017,ATLC1,raws_obs\tubbs_2017\ATLC1_tubbs_2017.csv,72,2017-10-08T00:29,2017-10-10T23:29,8,True,True,True,False,False,False,False,,yes,no
tubbs_2017,HWKC1,raws_obs\tubbs_2017\HWKC1_tubbs_2017.csv,72,2017-10-08T00:56,2017-10-10T23:56,8,True,True,True,False,False,False,False,,yes,no
tubbs_2017,KELC1,raws_obs\tubbs_2017\KELC1_tubbs_2017.csv,72,2017-10-08T00:57,2017-10-10T23:57,8,True,True,True,False,False,False,False,,yes,no
tubbs_2017,KNXC1,raws_obs\tubbs_2017\KNXC1_tubbs_2017.csv,72,2017-10-08T00:09,2017-10-10T23:09,8,True,True,True,False,False,False,False,,yes,no
tubbs_2017,NVHC1,raws_obs\tubbs_2017\NVHC1_tubbs_2017.csv,72,2017-10-08T00:31,2017-10-10T23:31,8,True,True,True,False,False,False,False,,yes,no
tubbs_2017,RSAC1,raws_obs\tubbs_2017\RSAC1_tubbs_2017.csv,72,2017-10-08T00:29,2017-10-10T23:29,8,True,True,True,False,False,False,False,,yes,no
tubbs_2017,WISC1,raws_obs\tubbs_2017\WISC1_tubbs_2017.csv,72,2017-10-08T00:36,2017-10-10T23:36,8,True,True,True,False,False,False,False,,yes,no
woolsey_2018,ANIC1,raws_obs\woolsey_2018\ANIC1_woolsey_2018.csv,120,2018-11-08T00:23,2018-11-12T23:23,8,True,True,True,False,False,False,False,,yes,no
woolsey_2018,BVRC1,raws_obs\woolsey_2018\BVRC1_woolsey_2018.csv,120,2018-11-08T00:55,2018-11-12T23:55,8,True,True,True,False,False,False,False,,yes,no
woolsey_2018,CEEC1,raws_obs\woolsey_2018\CEEC1_woolsey_2018.csv,120,2018-11-08T00:38,2018-11-12T23:38,8,True,True,True,False,False,False,False,,yes,no
woolsey_2018,CNIC1,raws_obs\woolsey_2018\CNIC1_woolsey_2018.csv,120,2018-11-08T00:55,2018-11-12T23:55,8,True,True,True,False,False,False,False,,yes,no
woolsey_2018,CSVC1,raws_obs\woolsey_2018\CSVC1_woolsey_2018.csv,120,2018-11-08T00:09,2018-11-12T23:09,8,True,True,True,False,False,False,False,,yes,no
woolsey_2018,DLVC1,raws_obs\woolsey_2018\DLVC1_woolsey_2018.csv,120,2018-11-08T00:55,2018-11-12T23:55,8,True,True,True,False,False,False,False,,yes,no
woolsey_2018,LCBC1,raws_obs\woolsey_2018\LCBC1_woolsey_2018.csv,46,2018-11-08T00:55,2018-11-09T21:55,8,True,True,True,False,False,False,False,,yes,no
woolsey_2018,MBCC1,raws_obs\woolsey_2018\MBCC1_woolsey_2018.csv,120,2018-11-08T00:56,2018-11-12T23:56,8,True,True,True,False,False,False,False,,yes,no
woolsey_2018,MBUC1,raws_obs\woolsey_2018\MBUC1_woolsey_2018.csv,120,2018-11-08T00:56,2018-11-12T23:56,8,True,True,True,False,False,False,False,,yes,no
woolsey_2018,NHPC1,raws_obs\woolsey_2018\NHPC1_woolsey_2018.csv,120,2018-11-08T00:56,2018-11-12T23:56,8,True,True,True,False,False,False,False,,yes,no
woolsey_2018,ROVC1,raws_obs\woolsey_2018\ROVC1_woolsey_2018.csv,120,2018-11-08T00:24,2018-11-12T23:24,8,True,True,True,False,False,False,False,,yes,no
woolsey_2018,SAUC1,raws_obs\woolsey_2018\SAUC1_woolsey_2018.csv,120,2018-11-08T00:57,2018-11-12T23:57,8,True,True,True,False,False,False,False,,yes,no
woolsey_2018,TCLC1,raws_obs\woolsey_2018\TCLC1_woolsey_2018.csv,120,2018-11-08T00:12,2018-11-12T23:12,8,True,True,True,False,False,False,False,,yes,no
woolsey_2018,TPGC1,raws_obs\woolsey_2018\TPGC1_woolsey_2018.csv,120,2018-11-08T00:57,2018-11-12T23:57,8,True,True,True,False,False,False,False,,yes,no
woolsey_2018,WMSC1,raws_obs\woolsey_2018\WMSC1_woolsey_2018.csv,120,2018-11-08T00:53,2018-11-12T23:53,8,True,True,True,False,False,False,False,,yes,no
woolsey_2018,WTPC1,raws_obs\woolsey_2018\WTPC1_woolsey_2018.csv,120,2018-11-08T00:57,2018-11-12T23:57,8,True,True,True,False,False,False,False,,yes,no
thomas_chuchupate_2017,CUUC1,raws_obs\CUUC1_thomas_chuchupate_2017.csv,72,2017-12-04T00:22,2017-12-06T23:22,6,True,True,True,False,False,False,False,MOVED_TO_LEGACY_FLAT,archived,no
kincade_ignition_2019,HWKC1,raws_obs\HWKC1_kincade_ignition_2019.csv,72,2019-10-23T00:56,2019-10-25T23:56,6,True,True,True,False,False,False,False,MOVED_TO_LEGACY_FLAT,archived,no
kincade_run_2019,HWKC1,raws_obs\HWKC1_kincade_run_2019.csv,72,2019-10-26T00:56,2019-10-28T23:56,6,True,True,True,False,False,False,False,MOVED_TO_LEGACY_FLAT,archived,no
tubbs_2017,HWKC1,raws_obs\HWKC1_tubbs_2017.csv,48,2017-10-08T00:56,2017-10-09T23:56,6,True,True,True,False,False,False,False,MOVED_TO_LEGACY_FLAT,archived,no
camp_2018,JBGC1,raws_obs\JBGC1_camp_2018.csv,72,2018-11-07T00:13,2018-11-09T23:13,6,True,True,True,False,False,False,False,MOVED_TO_LEGACY_FLAT,archived,no
missoula_2025,PNTM8,raws_obs\PNTM8_missoula_2025.csv,96,2025-12-09T00:59,2025-12-12T23:59,6,True,True,True,False,False,False,False,MOVED_TO_LEGACY_FLAT,archived,no
thomas_rosevalley_2017,ROVC1,raws_obs\ROVC1_thomas_rosevalley_2017.csv,72,2017-12-04T00:24,2017-12-06T23:24,6,True,True,True,False,False,False,False,MOVED_TO_LEGACY_FLAT,archived,no
camp_2018,SLEC1,raws_obs\camp_2018\SLEC1_camp_2018.csv,96,2018-11-07T00:18,2018-11-10T23:18,8,True,True,True,False,False,False,False,,yes,no
