datetime_utc,wind_speed_mph,wind_dir_deg,wind_gust_mph
2017-12-04T00:24:00Z,1.01,147.0,12.01
2017-12-04T01:24:00Z,3.0,165.0,4.0
2017-12-04T02:24:00Z,1.01,143.0,4.99
2017-12-04T03:24:00Z,0.0,,4.0
2017-12-04T04:24:00Z,0.0,,3.0
2017-12-04T05:24:00Z,0.0,,2.01
2017-12-04T06:24:00Z,0.0,,2.01
2017-12-04T07:24:00Z,0.0,,2.01
2017-12-04T08:24:00Z,0.0,,3.0
2017-12-04T09:24:00Z,0.0,,2.01
2017-12-04T10:24:00Z,0.0,,2.01
2017-12-04T11:24:00Z,0.0,,2.01
2017-12-04T12:24:00Z,0.0,,3.0
2017-12-04T13:24:00Z,1.01,318.0,2.01
2017-12-04T14:24:00Z,0.0,,2.01
2017-12-04T15:24:00Z,0.0,,5.99
2017-12-04T16:24:00Z,0.0,,4.0
2017-12-04T17:24:00Z,7.0,132.0,11.01
2017-12-04T18:24:00Z,3.0,22.0,11.01
2017-12-04T19:24:00Z,8.01,147.0,14.99
2017-12-04T20:24:00Z,7.0,128.0,18.99
2017-12-04T21:24:00Z,4.99,183.0,20.0
2017-12-04T22:24:00Z,4.0,54.0,17.0
2017-12-04T23:24:00Z,4.0,232.0,15.99
2017-12-05T00:24:00Z,4.99,149.0,14.99
2017-12-05T01:24:00Z,8.01,151.0,17.0
2017-12-05T02:24:00Z,8.01,143.0,18.01
2017-12-05T03:24:00Z,4.0,273.0,18.99
2017-12-05T04:24:00Z,4.0,319.0,17.0
2017-12-05T05:24:00Z,4.0,197.0,18.01
2017-12-05T06:24:00Z,8.01,354.0,18.99
2017-12-05T07:24:00Z,5.99,352.0,24.99
2017-12-05T08:24:00Z,7.0,6.0,18.01
2017-12-05T09:24:00Z,7.0,18.0,27.0
2017-12-05T10:24:00Z,13.0,14.0,31.0
2017-12-05T11:24:00Z,14.99,12.0,34.0
2017-12-05T12:24:00Z,14.99,11.0,30.0
2017-12-05T13:24:00Z,13.0,18.0,34.0
2017-12-05T14:24:00Z,7.0,129.0,18.01
2017-12-05T15:24:00Z,4.0,140.0,17.0
2017-12-05T16:24:00Z,3.0,323.0,12.01
2017-12-05T17:24:00Z,3.0,317.0,15.99
2017-12-05T18:24:00Z,4.99,184.0,18.01
2017-12-05T19:24:00Z,5.99,282.0,21.0
2017-12-05T20:24:00Z,5.99,143.0,21.0
2017-12-05T21:24:00Z,8.01,360.0,22.01
2017-12-05T22:24:00Z,5.99,179.0,22.01
2017-12-05T23:24:00Z,8.01,123.0,23.0
2017-12-06T00:24:00Z,5.99,145.0,22.01
2017-12-06T01:24:00Z,7.0,124.0,14.0
2017-12-06T02:24:00Z,2.01,72.0,18.99
2017-12-06T03:24:00Z,2.01,360.0,11.01
2017-12-06T04:24:00Z,4.0,170.0,7.0
2017-12-06T05:24:00Z,2.01,127.0,7.0
2017-12-06T06:24:00Z,0.0,,4.99
2017-12-06T07:24:00Z,0.0,,4.0
2017-12-06T08:24:00Z,1.01,150.0,4.0
2017-12-06T09:24:00Z,2.01,348.0,4.0
2017-12-06T10:24:00Z,2.01,257.0,5.99
2017-12-06T11:24:00Z,7.0,131.0,17.0
2017-12-06T12:24:00Z,2.01,251.0,17.0
2017-12-06T13:24:00Z,4.0,184.0,12.01
2017-12-06T14:24:00Z,4.0,265.0,15.99
2017-12-06T15:24:00Z,4.0,204.0,17.0
2017-12-06T16:24:00Z,2.01,232.0,12.01
2017-12-06T17:24:00Z,7.0,12.0,18.99
2017-12-06T18:24:00Z,4.0,25.0,17.0
2017-12-06T19:24:00Z,4.99,263.0,14.99
2017-12-06T20:24:00Z,7.0,147.0,18.01
2017-12-06T21:24:00Z,8.01,141.0,18.01
2017-12-06T22:24:00Z,7.0,141.0,14.99
2017-12-06T23:24:00Z,3.0,168.0,14.0
2017-12-07T00:24:00Z,8.01,24.0,18.99
2017-12-07T01:24:00Z,10.0,10.0,24.0
2017-12-07T02:24:00Z,11.01,7.0,24.0
2017-12-07T03:24:00Z,14.99,15.0,30.0
2017-12-07T04:24:00Z,12.01,18.0,28.01
2017-12-07T05:24:00Z,8.01,7.0,20.0
2017-12-07T06:24:00Z,4.0,353.0,23.0
2017-12-07T07:24:00Z,4.99,167.0,18.01
2017-12-07T08:24:00Z,2.01,120.0,18.99
2017-12-07T09:24:00Z,5.99,120.0,14.0
2017-12-07T10:24:00Z,5.99,123.0,12.01
2017-12-07T11:24:00Z,1.01,358.0,12.01
2017-12-07T12:24:00Z,2.01,24.0,8.99
2017-12-07T13:24:00Z,0.0,,7.0
2017-12-07T14:24:00Z,2.01,165.0,5.99
2017-12-07T15:24:00Z,4.0,163.0,8.99
2017-12-07T16:24:00Z,1.01,244.0,7.0
2017-12-07T17:24:00Z,7.0,13.0,15.99
2017-12-07T18:24:00Z,4.99,299.0,24.99
2017-12-07T19:24:00Z,5.99,256.0,21.0
2017-12-07T20:24:00Z,8.01,14.0,21.0
2017-12-07T21:24:00Z,5.99,358.0,18.99
2017-12-07T22:24:00Z,4.99,197.0,14.99
2017-12-07T23:24:00Z,8.01,18.0,21.0
2017-12-08T00:24:00Z,5.99,21.0,17.0
2017-12-08T01:24:00Z,4.0,7.0,12.01
2017-12-08T02:24:00Z,2.01,132.0,8.99
2017-12-08T03:24:00Z,1.01,61.0,8.99
2017-12-08T04:24:00Z,0.0,,4.0
2017-12-08T05:24:00Z,1.01,111.0,4.99
2017-12-08T06:24:00Z,1.01,131.0,3.0
2017-12-08T07:24:00Z,1.01,174.0,3.0
2017-12-08T08:24:00Z,1.01,354.0,4.99
2017-12-08T09:24:00Z,0.0,,4.0
2017-12-08T10:24:00Z,1.01,219.0,4.0
2017-12-08T11:24:00Z,0.0,,3.0
2017-12-08T12:24:00Z,1.01,285.0,4.0
2017-12-08T13:24:00Z,1.01,339.0,8.01
2017-12-08T14:24:00Z,5.99,123.0,14.99
2017-12-08T15:24:00Z,1.01,312.0,10.0
2017-12-08T16:24:00Z,1.01,34.0,4.99
2017-12-08T17:24:00Z,3.0,158.0,10.0
2017-12-08T18:24:00Z,4.99,118.0,14.0
2017-12-08T19:24:00Z,5.99,294.0,15.99
2017-12-08T20:24:00Z,5.99,105.0,21.0
2017-12-08T21:24:00Z,4.0,155.0,18.01
2017-12-08T22:24:00Z,3.0,106.0,14.0
2017-12-08T23:24:00Z,3.0,8.0,14.0
